"","x"
"1","other"
"2","Mono"
"3","other T"
"4","Mono"
"5","CD4 T"
"6","B"
"7","CD4 T"
"8","CD8 T"
"9","CD4 T"
"10","CD8 T"
"11","CD4 T"
"12","CD4 T"
"13","B"
"14","CD4 T"
"15","CD8 T"
"16","CD4 T"
"17","CD4 T"
"18","CD4 T"
"19","B"
"20","other"
"21","CD8 T"
"22","CD4 T"
"23","CD4 T"
"24","CD4 T"
"25","B"
"26","Mono"
"27","CD4 T"
"28","CD4 T"
"29","other"
"30","B"
"31","B"
"32","B"
"33","NK"
"34","other"
"35","other"
"36","CD4 T"
"37","NK"
"38","CD4 T"
"39","CD8 T"
"40","other"
"41","B"
"42","CD8 T"
"43","CD4 T"
"44","B"
"45","CD4 T"
"46","CD8 T"
"47","other"
"48","CD4 T"
"49","B"
"50","CD4 T"
"51","CD4 T"
"52","CD4 T"
"53","CD4 T"
"54","Mono"
"55","other"
"56","CD8 T"
"57","other T"
"58","other T"
"59","CD8 T"
"60","CD4 T"
"61","Mono"
"62","NK"
"63","B"
"64","CD8 T"
"65","CD4 T"
"66","B"
"67","B"
"68","CD4 T"
"69","CD4 T"
"70","CD4 T"
"71","NK"
"72","other"
"73","B"
"74","CD4 T"
"75","other T"
"76","other"
"77","CD8 T"
"78","CD8 T"
"79","B"
"80","CD4 T"
"81","CD4 T"
"82","CD8 T"
"83","other"
"84","NK"
"85","other"
"86","CD8 T"
"87","other"
"88","CD8 T"
"89","CD8 T"
"90","CD8 T"
"91","CD4 T"
"92","CD8 T"
"93","B"
"94","other"
"95","CD4 T"
"96","CD8 T"
"97","other"
"98","CD4 T"
"99","CD4 T"
"100","CD4 T"
"101","NK"
"102","CD4 T"
"103","CD4 T"
"104","CD4 T"
"105","CD4 T"
"106","CD4 T"
"107","other"
"108","CD4 T"
"109","B"
"110","CD4 T"
"111","CD8 T"
"112","other"
"113","CD8 T"
"114","other"
"115","CD4 T"
"116","B"
"117","B"
"118","CD4 T"
"119","CD4 T"
"120","CD4 T"
"121","CD4 T"
"122","CD4 T"
"123","CD4 T"
"124","CD4 T"
"125","B"
"126","CD4 T"
"127","CD4 T"
"128","CD4 T"
"129","CD4 T"
"130","CD4 T"
"131","CD8 T"
"132","NK"
"133","CD8 T"
"134","CD4 T"
"135","CD8 T"
"136","CD4 T"
"137","CD4 T"
"138","CD8 T"
"139","CD4 T"
"140","CD4 T"
"141","CD4 T"
"142","CD8 T"
"143","other T"
"144","CD8 T"
"145","CD4 T"
"146","B"
"147","Mono"
"148","CD4 T"
"149","CD4 T"
"150","other T"
"151","CD4 T"
"152","CD8 T"
"153","CD4 T"
"154","CD4 T"
"155","CD8 T"
"156","B"
"157","CD4 T"
"158","CD4 T"
"159","CD4 T"
"160","CD4 T"
"161","CD8 T"
"162","CD4 T"
"163","CD4 T"
"164","CD4 T"
"165","CD4 T"
"166","CD8 T"
"167","CD4 T"
"168","CD4 T"
"169","CD4 T"
"170","CD4 T"
"171","CD4 T"
"172","CD8 T"
"173","CD8 T"
"174","CD4 T"
"175","CD8 T"
"176","CD4 T"
"177","CD4 T"
"178","other"
"179","CD4 T"
"180","CD4 T"
"181","CD4 T"
"182","CD4 T"
"183","CD4 T"
"184","B"
"185","CD4 T"
"186","B"
"187","CD4 T"
"188","other T"
"189","CD4 T"
"190","CD4 T"
"191","CD4 T"
"192","CD4 T"
"193","B"
"194","CD4 T"
"195","B"
"196","NK"
"197","B"
"198","CD4 T"
"199","other T"
"200","CD8 T"
"201","CD4 T"
"202","CD8 T"
"203","CD4 T"
"204","CD4 T"
"205","CD4 T"
"206","CD8 T"
"207","other"
"208","B"
"209","CD4 T"
"210","CD4 T"
"211","CD8 T"
"212","CD4 T"
"213","CD8 T"
"214","NK"
"215","B"
"216","CD4 T"
"217","B"
"218","CD8 T"
"219","CD8 T"
"220","CD8 T"
"221","Mono"
"222","CD8 T"
"223","B"
"224","NK"
"225","CD4 T"
"226","B"
"227","CD4 T"
"228","B"
"229","CD4 T"
"230","CD8 T"
"231","CD4 T"
"232","CD4 T"
"233","CD4 T"
"234","CD8 T"
"235","B"
"236","CD4 T"
"237","CD4 T"
"238","CD4 T"
"239","other T"
"240","CD4 T"
"241","CD4 T"
"242","B"
"243","other"
"244","B"
"245","B"
"246","B"
"247","B"
"248","CD8 T"
"249","CD4 T"
"250","B"
"251","B"
"252","CD4 T"
"253","CD4 T"
"254","Mono"
"255","B"
"256","CD4 T"
"257","CD4 T"
"258","other"
"259","CD4 T"
"260","CD4 T"
"261","CD4 T"
"262","CD8 T"
"263","B"
"264","Mono"
"265","B"
"266","CD4 T"
"267","CD4 T"
"268","CD4 T"
"269","CD4 T"
"270","CD4 T"
"271","CD8 T"
"272","CD4 T"
"273","CD4 T"
"274","CD4 T"
"275","other T"
"276","B"
"277","CD4 T"
"278","CD8 T"
"279","CD4 T"
"280","CD4 T"
"281","other"
"282","CD4 T"
"283","CD8 T"
"284","CD4 T"
"285","CD8 T"
"286","CD4 T"
"287","B"
"288","CD4 T"
"289","CD4 T"
"290","CD4 T"
"291","CD8 T"
"292","other T"
"293","Mono"
"294","CD8 T"
"295","other T"
"296","CD4 T"
"297","Mono"
"298","other"
"299","other"
"300","CD4 T"
"301","other"
"302","CD8 T"
"303","CD4 T"
"304","Mono"
"305","Mono"
"306","NK"
"307","Mono"
"308","Mono"
"309","other"
"310","B"
"311","other T"
"312","DC"
"313","CD4 T"
"314","NK"
"315","Mono"
"316","CD4 T"
"317","CD4 T"
"318","other"
"319","CD8 T"
"320","other"
"321","CD4 T"
"322","B"
"323","B"
"324","CD4 T"
"325","other"
"326","CD4 T"
"327","B"
"328","NK"
"329","CD8 T"
"330","B"
"331","CD4 T"
"332","other"
"333","CD8 T"
"334","CD4 T"
"335","CD4 T"
"336","NK"
"337","Mono"
"338","B"
"339","other"
"340","other"
"341","CD4 T"
"342","CD4 T"
"343","B"
"344","other"
"345","CD4 T"
"346","B"
"347","B"
"348","Mono"
"349","CD4 T"
"350","other"
"351","other"
"352","CD8 T"
"353","CD8 T"
"354","other"
"355","CD4 T"
"356","B"
"357","B"
"358","other T"
"359","CD4 T"
"360","B"
"361","B"
"362","other"
"363","B"
"364","CD8 T"
"365","B"
"366","CD4 T"
"367","CD4 T"
"368","Mono"
"369","CD4 T"
"370","B"
"371","CD4 T"
"372","CD4 T"
"373","B"
"374","CD8 T"
"375","CD4 T"
"376","other"
"377","CD4 T"
"378","CD4 T"
"379","Mono"
"380","CD8 T"
"381","CD4 T"
"382","CD4 T"
"383","B"
"384","other T"
"385","CD4 T"
"386","CD4 T"
"387","CD8 T"
"388","CD4 T"
"389","CD4 T"
"390","CD4 T"
"391","B"
"392","Mono"
"393","CD4 T"
"394","other T"
"395","B"
"396","B"
"397","CD4 T"
"398","CD8 T"
"399","Mono"
"400","other"
"401","B"
"402","CD4 T"
"403","CD4 T"
"404","Mono"
"405","CD4 T"
"406","NK"
"407","CD4 T"
"408","NK"
"409","other"
"410","NK"
"411","CD4 T"
"412","CD4 T"
"413","B"
"414","CD4 T"
"415","CD4 T"
"416","B"
"417","B"
"418","other"
"419","CD4 T"
"420","CD4 T"
"421","other T"
"422","CD4 T"
"423","B"
"424","CD8 T"
"425","CD4 T"
"426","Mono"
"427","CD4 T"
"428","CD4 T"
"429","CD4 T"
"430","B"
"431","Mono"
"432","CD8 T"
"433","CD4 T"
"434","other"
"435","other"
"436","CD8 T"
"437","other"
"438","B"
"439","CD4 T"
"440","other"
"441","other"
"442","CD4 T"
"443","other T"
"444","B"
"445","CD4 T"
"446","CD4 T"
"447","CD8 T"
"448","CD4 T"
"449","CD4 T"
"450","other"
"451","CD4 T"
"452","B"
"453","CD8 T"
"454","B"
"455","B"
"456","CD8 T"
"457","CD4 T"
"458","B"
"459","CD8 T"
"460","B"
"461","CD4 T"
"462","CD4 T"
"463","CD4 T"
"464","CD4 T"
"465","B"
"466","B"
"467","CD8 T"
"468","CD8 T"
"469","CD4 T"
"470","CD8 T"
"471","CD4 T"
"472","CD4 T"
"473","CD4 T"
"474","CD8 T"
"475","NK"
"476","B"
"477","other"
"478","CD4 T"
"479","B"
"480","CD8 T"
"481","Mono"
"482","CD8 T"
"483","NK"
"484","CD8 T"
"485","B"
"486","CD4 T"
"487","CD4 T"
"488","B"
"489","CD4 T"
"490","CD4 T"
"491","NK"
"492","CD4 T"
"493","CD4 T"
"494","CD4 T"
"495","CD8 T"
"496","NK"
"497","B"
"498","B"
"499","CD4 T"
"500","CD4 T"
"501","CD8 T"
"502","B"
"503","B"
"504","other"
"505","CD8 T"
"506","Mono"
"507","B"
"508","CD4 T"
"509","other"
"510","CD4 T"
"511","CD4 T"
"512","CD4 T"
"513","CD8 T"
"514","CD4 T"
"515","NK"
"516","CD4 T"
"517","CD8 T"
"518","B"
"519","CD8 T"
"520","CD8 T"
"521","CD4 T"
"522","CD8 T"
"523","CD4 T"
"524","CD8 T"
"525","CD4 T"
"526","other"
"527","CD4 T"
"528","CD8 T"
"529","CD4 T"
"530","CD8 T"
"531","CD4 T"
"532","other T"
"533","other"
"534","B"
"535","CD4 T"
"536","B"
"537","CD8 T"
"538","CD8 T"
"539","B"
"540","NK"
"541","CD4 T"
"542","CD4 T"
"543","B"
"544","CD4 T"
"545","CD4 T"
"546","CD4 T"
"547","CD4 T"
"548","CD4 T"
"549","CD4 T"
"550","CD4 T"
"551","CD4 T"
"552","CD4 T"
"553","CD4 T"
"554","other T"
"555","CD4 T"
"556","CD4 T"
"557","NK"
"558","B"
"559","CD4 T"
"560","B"
"561","B"
"562","other"
"563","CD8 T"
"564","CD4 T"
"565","CD8 T"
"566","other"
"567","CD4 T"
"568","other"
"569","CD8 T"
"570","CD8 T"
"571","CD4 T"
"572","Mono"
"573","other T"
"574","B"
"575","other"
"576","CD4 T"
"577","CD8 T"
"578","CD4 T"
"579","CD4 T"
"580","CD4 T"
"581","CD4 T"
"582","B"
"583","CD4 T"
"584","NK"
"585","CD8 T"
"586","CD4 T"
"587","CD8 T"
"588","B"
"589","B"
"590","CD4 T"
"591","CD4 T"
"592","Mono"
"593","CD8 T"
"594","other"
"595","CD4 T"
"596","CD8 T"
"597","other"
"598","CD4 T"
"599","other"
"600","CD8 T"
"601","Mono"
"602","CD8 T"
"603","CD4 T"
"604","CD4 T"
"605","B"
"606","B"
"607","CD4 T"
"608","B"
"609","B"
"610","CD4 T"
"611","CD4 T"
"612","CD4 T"
"613","CD4 T"
"614","B"
"615","B"
"616","CD4 T"
"617","Mono"
"618","CD4 T"
"619","CD4 T"
"620","CD4 T"
"621","CD4 T"
"622","B"
"623","CD4 T"
"624","CD8 T"
"625","CD8 T"
"626","B"
"627","CD8 T"
"628","CD8 T"
"629","other"
"630","B"
"631","CD8 T"
"632","B"
"633","B"
"634","B"
"635","other"
"636","B"
"637","other T"
"638","CD4 T"
"639","other"
"640","CD4 T"
"641","DC"
"642","other"
"643","B"
"644","CD4 T"
"645","B"
"646","CD8 T"
"647","Mono"
"648","CD4 T"
"649","CD4 T"
"650","CD4 T"
"651","B"
"652","other"
"653","B"
"654","CD8 T"
"655","B"
"656","CD4 T"
"657","Mono"
"658","CD4 T"
"659","CD4 T"
"660","B"
"661","CD4 T"
"662","CD4 T"
"663","CD4 T"
"664","CD4 T"
"665","CD4 T"
"666","CD4 T"
"667","CD4 T"
"668","NK"
"669","CD4 T"
"670","B"
"671","CD4 T"
"672","CD4 T"
"673","B"
"674","other"
"675","B"
"676","B"
"677","other T"
"678","CD8 T"
"679","B"
"680","CD4 T"
"681","CD8 T"
"682","B"
"683","B"
"684","B"
"685","CD8 T"
"686","other"
"687","CD8 T"
"688","B"
"689","CD8 T"
"690","CD4 T"
"691","NK"
"692","CD4 T"
"693","B"
"694","B"
"695","CD4 T"
"696","CD4 T"
"697","other"
"698","B"
"699","CD4 T"
"700","CD4 T"
"701","other T"
"702","CD8 T"
"703","CD4 T"
"704","NK"
"705","Mono"
"706","CD8 T"
"707","other"
"708","B"
"709","B"
"710","CD8 T"
"711","B"
"712","CD4 T"
"713","CD4 T"
"714","B"
"715","CD8 T"
"716","CD8 T"
"717","B"
"718","B"
"719","B"
"720","B"
"721","other"
"722","other"
"723","B"
"724","CD8 T"
"725","CD4 T"
"726","other"
"727","CD8 T"
"728","B"
"729","CD4 T"
"730","other T"
"731","other T"
"732","CD4 T"
"733","other"
"734","B"
"735","CD4 T"
"736","other"
"737","CD4 T"
"738","Mono"
"739","B"
"740","CD4 T"
"741","other"
"742","CD4 T"
"743","CD4 T"
"744","B"
"745","NK"
"746","CD4 T"
"747","CD4 T"
"748","CD4 T"
"749","other"
"750","CD8 T"
"751","NK"
"752","B"
"753","Mono"
"754","B"
"755","CD4 T"
"756","CD4 T"
"757","B"
"758","B"
"759","NK"
"760","other"
"761","other T"
"762","CD4 T"
"763","other"
"764","B"
"765","other"
"766","B"
"767","CD8 T"
"768","CD4 T"
"769","CD4 T"
"770","other T"
"771","CD8 T"
"772","B"
"773","CD8 T"
"774","other T"
"775","NK"
"776","CD8 T"
"777","CD4 T"
"778","CD4 T"
"779","B"
"780","NK"
"781","CD4 T"
"782","CD4 T"
"783","CD4 T"
"784","B"
"785","CD4 T"
"786","other"
"787","B"
"788","CD4 T"
"789","other"
"790","CD4 T"
"791","NK"
"792","CD8 T"
"793","NK"
"794","CD4 T"
"795","B"
"796","B"
"797","CD4 T"
"798","B"
"799","B"
"800","CD4 T"
"801","B"
"802","CD8 T"
"803","CD4 T"
"804","CD4 T"
"805","CD4 T"
"806","CD8 T"
"807","CD8 T"
"808","CD4 T"
"809","CD8 T"
"810","CD4 T"
"811","CD4 T"
"812","CD4 T"
"813","CD4 T"
"814","CD4 T"
"815","CD4 T"
"816","CD4 T"
"817","CD4 T"
"818","NK"
"819","CD4 T"
"820","B"
"821","CD4 T"
"822","other"
"823","B"
"824","CD4 T"
"825","CD4 T"
"826","CD8 T"
"827","NK"
"828","B"
"829","CD8 T"
"830","Mono"
"831","CD8 T"
"832","B"
"833","CD4 T"
"834","CD8 T"
"835","CD4 T"
"836","CD4 T"
"837","CD8 T"
"838","B"
"839","other"
"840","other"
"841","CD8 T"
"842","CD8 T"
"843","CD4 T"
"844","B"
"845","NK"
"846","B"
"847","CD4 T"
"848","other"
"849","other"
"850","CD4 T"
"851","B"
"852","CD4 T"
"853","B"
"854","CD4 T"
"855","other"
"856","B"
"857","CD4 T"
"858","CD8 T"
"859","CD4 T"
"860","CD4 T"
"861","CD4 T"
"862","other"
"863","CD4 T"
"864","CD4 T"
"865","CD4 T"
"866","CD4 T"
"867","CD8 T"
"868","CD4 T"
"869","B"
"870","CD4 T"
"871","B"
"872","CD4 T"
"873","CD8 T"
"874","CD8 T"
"875","CD4 T"
"876","other"
"877","CD4 T"
"878","CD4 T"
"879","CD4 T"
"880","other"
"881","NK"
"882","CD8 T"
"883","other"
"884","CD8 T"
"885","CD4 T"
"886","NK"
"887","B"
"888","other"
"889","CD4 T"
"890","B"
"891","CD4 T"
"892","CD4 T"
"893","Mono"
"894","CD4 T"
"895","CD4 T"
"896","other"
"897","NK"
"898","CD4 T"
"899","CD4 T"
"900","CD4 T"
"901","CD4 T"
"902","CD8 T"
"903","B"
"904","CD4 T"
"905","CD4 T"
"906","B"
"907","B"
"908","B"
"909","other"
"910","B"
"911","CD8 T"
"912","CD8 T"
"913","CD4 T"
"914","B"
"915","CD4 T"
"916","CD4 T"
"917","CD4 T"
"918","CD4 T"
"919","CD4 T"
"920","Mono"
"921","B"
"922","CD4 T"
"923","other"
"924","Mono"
"925","CD8 T"
"926","B"
"927","CD8 T"
"928","CD4 T"
"929","CD4 T"
"930","B"
"931","CD4 T"
"932","CD4 T"
"933","CD4 T"
"934","B"
"935","CD4 T"
"936","Mono"
"937","CD8 T"
"938","CD4 T"
"939","CD4 T"
"940","other"
"941","CD4 T"
"942","CD8 T"
"943","CD4 T"
"944","CD4 T"
"945","CD8 T"
"946","NK"
"947","other"
"948","CD4 T"
"949","CD8 T"
"950","Mono"
"951","CD8 T"
"952","CD4 T"
"953","other"
"954","CD4 T"
"955","B"
"956","B"
"957","CD4 T"
"958","CD4 T"
"959","other"
"960","CD4 T"
"961","B"
"962","other"
"963","CD4 T"
"964","other"
"965","CD4 T"
"966","B"
"967","other"
"968","CD4 T"
"969","B"
"970","CD4 T"
"971","NK"
"972","CD4 T"
"973","Mono"
"974","B"
"975","CD8 T"
"976","B"
"977","CD4 T"
"978","CD4 T"
"979","CD4 T"
"980","CD4 T"
"981","other"
"982","B"
"983","CD4 T"
"984","CD4 T"
"985","CD8 T"
"986","other"
"987","B"
"988","CD4 T"
"989","CD4 T"
"990","other"
"991","CD4 T"
"992","B"
"993","CD8 T"
"994","CD4 T"
"995","CD4 T"
"996","other"
"997","CD4 T"
"998","CD4 T"
"999","B"
"1000","CD4 T"
"1001","B"
"1002","B"
"1003","B"
"1004","CD4 T"
"1005","CD8 T"
"1006","B"
"1007","other"
"1008","CD8 T"
"1009","CD4 T"
"1010","other"
"1011","CD8 T"
"1012","other T"
"1013","CD4 T"
"1014","CD4 T"
"1015","CD4 T"
"1016","CD4 T"
"1017","CD8 T"
"1018","B"
"1019","CD4 T"
"1020","CD8 T"
"1021","B"
"1022","CD4 T"
"1023","CD4 T"
"1024","B"
"1025","CD4 T"
"1026","Mono"
"1027","CD4 T"
"1028","CD4 T"
"1029","other"
"1030","NK"
"1031","CD4 T"
"1032","B"
"1033","Mono"
"1034","CD4 T"
"1035","B"
"1036","CD4 T"
"1037","CD4 T"
"1038","CD4 T"
"1039","CD4 T"
"1040","CD8 T"
"1041","NK"
"1042","B"
"1043","CD4 T"
"1044","CD8 T"
"1045","B"
"1046","CD4 T"
"1047","CD8 T"
"1048","CD4 T"
"1049","B"
"1050","B"
"1051","other"
"1052","CD8 T"
"1053","Mono"
"1054","B"
"1055","CD4 T"
"1056","B"
"1057","B"
"1058","CD8 T"
"1059","CD4 T"
"1060","CD4 T"
"1061","CD4 T"
"1062","CD8 T"
"1063","B"
"1064","B"
"1065","B"
"1066","CD4 T"
"1067","CD8 T"
"1068","CD4 T"
"1069","B"
"1070","CD4 T"
"1071","CD8 T"
"1072","other"
"1073","B"
"1074","B"
"1075","other T"
"1076","other"
"1077","CD4 T"
"1078","Mono"
"1079","CD4 T"
"1080","CD4 T"
"1081","CD8 T"
"1082","CD8 T"
"1083","other"
"1084","CD4 T"
"1085","CD4 T"
"1086","NK"
"1087","CD4 T"
"1088","B"
"1089","other"
"1090","B"
"1091","CD4 T"
"1092","CD8 T"
"1093","B"
"1094","B"
"1095","B"
"1096","CD4 T"
"1097","CD4 T"
"1098","CD8 T"
"1099","B"
"1100","B"
"1101","B"
"1102","other"
"1103","other T"
"1104","CD8 T"
"1105","CD4 T"
"1106","CD4 T"
"1107","CD4 T"
"1108","B"
"1109","B"
"1110","B"
"1111","other T"
"1112","B"
"1113","CD8 T"
"1114","CD4 T"
"1115","CD4 T"
"1116","CD4 T"
"1117","B"
"1118","Mono"
"1119","CD8 T"
"1120","CD4 T"
"1121","CD4 T"
"1122","other"
"1123","B"
"1124","B"
"1125","CD4 T"
"1126","CD4 T"
"1127","CD4 T"
"1128","B"
"1129","B"
"1130","CD8 T"
"1131","NK"
"1132","other"
"1133","B"
"1134","CD8 T"
"1135","DC"
"1136","other"
"1137","CD4 T"
"1138","CD4 T"
"1139","CD4 T"
"1140","B"
"1141","other"
"1142","CD4 T"
"1143","CD4 T"
"1144","CD8 T"
"1145","B"
"1146","CD8 T"
"1147","CD8 T"
"1148","CD4 T"
"1149","NK"
"1150","B"
"1151","B"
"1152","CD4 T"
"1153","CD8 T"
"1154","B"
"1155","other"
"1156","B"
"1157","CD4 T"
"1158","CD4 T"
"1159","CD4 T"
"1160","other T"
"1161","B"
"1162","CD4 T"
"1163","CD8 T"
"1164","CD4 T"
"1165","CD4 T"
"1166","CD8 T"
"1167","CD8 T"
"1168","CD8 T"
"1169","B"
"1170","other T"
"1171","CD4 T"
"1172","CD4 T"
"1173","CD8 T"
"1174","CD4 T"
"1175","B"
"1176","CD4 T"
"1177","B"
"1178","CD4 T"
"1179","CD4 T"
"1180","CD8 T"
"1181","B"
"1182","CD8 T"
"1183","other"
"1184","CD4 T"
"1185","B"
"1186","CD4 T"
"1187","CD4 T"
"1188","NK"
"1189","CD8 T"
"1190","B"
"1191","other"
"1192","B"
"1193","CD4 T"
"1194","B"
"1195","other"
"1196","CD4 T"
"1197","other"
"1198","CD8 T"
"1199","B"
"1200","CD4 T"
"1201","other"
"1202","B"
"1203","CD4 T"
"1204","Mono"
"1205","CD8 T"
"1206","CD4 T"
"1207","CD4 T"
"1208","CD4 T"
"1209","CD4 T"
"1210","other"
"1211","other T"
"1212","CD8 T"
"1213","CD4 T"
"1214","NK"
"1215","B"
"1216","Mono"
"1217","B"
"1218","CD4 T"
"1219","CD4 T"
"1220","NK"
"1221","CD4 T"
"1222","CD4 T"
"1223","CD4 T"
"1224","CD4 T"
"1225","CD8 T"
"1226","CD4 T"
"1227","CD4 T"
"1228","B"
"1229","CD4 T"
"1230","other"
"1231","B"
"1232","CD4 T"
"1233","B"
"1234","CD8 T"
"1235","CD4 T"
"1236","CD4 T"
"1237","other T"
"1238","CD4 T"
"1239","CD4 T"
"1240","B"
"1241","CD4 T"
"1242","CD8 T"
"1243","other"
"1244","CD8 T"
"1245","B"
"1246","CD4 T"
"1247","CD4 T"
"1248","B"
"1249","CD4 T"
"1250","CD8 T"
"1251","CD8 T"
"1252","CD4 T"
"1253","CD8 T"
"1254","other"
"1255","other"
"1256","Mono"
"1257","NK"
"1258","other"
"1259","CD4 T"
"1260","CD4 T"
"1261","other T"
"1262","CD8 T"
"1263","B"
"1264","B"
"1265","other T"
"1266","CD4 T"
"1267","CD4 T"
"1268","CD4 T"
"1269","other"
"1270","B"
"1271","other T"
"1272","CD8 T"
"1273","Mono"
"1274","other"
"1275","other"
"1276","CD4 T"
"1277","B"
"1278","CD4 T"
"1279","CD4 T"
"1280","CD4 T"
"1281","CD4 T"
"1282","NK"
"1283","CD8 T"
"1284","Mono"
"1285","CD4 T"
"1286","CD4 T"
"1287","CD4 T"
"1288","CD4 T"
"1289","B"
"1290","CD4 T"
"1291","CD4 T"
"1292","Mono"
"1293","B"
"1294","CD4 T"
"1295","B"
"1296","B"
"1297","CD8 T"
"1298","B"
"1299","B"
"1300","CD4 T"
"1301","CD8 T"
"1302","CD8 T"
"1303","Mono"
"1304","B"
"1305","B"
"1306","B"
"1307","B"
"1308","other T"
"1309","CD4 T"
"1310","CD4 T"
"1311","CD4 T"
"1312","CD4 T"
"1313","CD4 T"
"1314","B"
"1315","CD4 T"
"1316","CD4 T"
"1317","CD4 T"
"1318","B"
"1319","CD8 T"
"1320","B"
"1321","CD4 T"
"1322","CD8 T"
"1323","CD4 T"
"1324","Mono"
"1325","CD4 T"
"1326","CD4 T"
"1327","B"
"1328","CD4 T"
"1329","B"
"1330","other T"
"1331","CD4 T"
"1332","CD8 T"
"1333","other"
"1334","CD8 T"
"1335","CD4 T"
"1336","B"
"1337","B"
"1338","NK"
"1339","CD8 T"
"1340","other"
"1341","CD4 T"
"1342","CD4 T"
"1343","CD4 T"
"1344","other"
"1345","B"
"1346","CD4 T"
"1347","CD4 T"
"1348","B"
"1349","CD8 T"
"1350","CD4 T"
"1351","CD4 T"
"1352","CD4 T"
"1353","Mono"
"1354","CD8 T"
"1355","CD4 T"
"1356","CD4 T"
"1357","Mono"
"1358","CD4 T"
"1359","CD4 T"
"1360","B"
"1361","CD4 T"
"1362","CD4 T"
"1363","CD8 T"
"1364","CD4 T"
"1365","CD4 T"
"1366","B"
"1367","other"
"1368","CD4 T"
"1369","CD4 T"
"1370","Mono"
"1371","CD4 T"
"1372","CD8 T"
"1373","CD4 T"
"1374","Mono"
"1375","CD4 T"
"1376","B"
"1377","CD8 T"
"1378","CD4 T"
"1379","CD8 T"
"1380","CD4 T"
"1381","CD8 T"
"1382","CD4 T"
"1383","CD4 T"
"1384","CD4 T"
"1385","CD4 T"
"1386","B"
"1387","B"
"1388","CD8 T"
"1389","CD4 T"
"1390","CD4 T"
"1391","B"
"1392","CD8 T"
"1393","B"
"1394","CD4 T"
"1395","other"
"1396","CD4 T"
"1397","CD4 T"
"1398","NK"
"1399","other"
"1400","B"
"1401","CD4 T"
"1402","CD4 T"
"1403","CD8 T"
"1404","CD4 T"
"1405","B"
"1406","NK"
"1407","other T"
"1408","B"
"1409","other"
"1410","CD4 T"
"1411","CD8 T"
"1412","CD4 T"
"1413","NK"
"1414","other"
"1415","B"
"1416","CD8 T"
"1417","B"
"1418","other T"
"1419","CD8 T"
"1420","B"
"1421","CD4 T"
"1422","B"
"1423","CD8 T"
"1424","CD4 T"
"1425","CD4 T"
"1426","B"
"1427","CD4 T"
"1428","CD4 T"
"1429","other T"
"1430","CD4 T"
"1431","CD8 T"
"1432","other"
"1433","B"
"1434","other"
"1435","CD4 T"
"1436","CD4 T"
"1437","CD8 T"
"1438","CD4 T"
"1439","CD4 T"
"1440","CD4 T"
"1441","CD4 T"
"1442","CD4 T"
"1443","CD4 T"
"1444","CD4 T"
"1445","other T"
"1446","CD4 T"
"1447","CD4 T"
"1448","CD4 T"
"1449","B"
"1450","CD4 T"
"1451","CD4 T"
"1452","B"
"1453","B"
"1454","CD4 T"
"1455","CD8 T"
"1456","B"
"1457","CD4 T"
"1458","B"
"1459","CD4 T"
"1460","NK"
"1461","CD4 T"
"1462","CD4 T"
"1463","Mono"
"1464","Mono"
"1465","B"
"1466","CD4 T"
"1467","B"
"1468","CD4 T"
"1469","CD4 T"
"1470","B"
"1471","B"
"1472","CD4 T"
"1473","other"
"1474","other"
"1475","B"
"1476","CD4 T"
"1477","CD8 T"
"1478","CD4 T"
"1479","CD8 T"
"1480","CD4 T"
"1481","CD4 T"
"1482","CD4 T"
"1483","CD4 T"
"1484","B"
"1485","CD8 T"
"1486","other"
"1487","other"
"1488","CD4 T"
"1489","CD4 T"
"1490","CD4 T"
"1491","CD4 T"
"1492","CD4 T"
"1493","CD4 T"
"1494","other"
"1495","CD4 T"
"1496","B"
"1497","CD4 T"
"1498","CD4 T"
"1499","other T"
"1500","B"
"1501","CD8 T"
"1502","B"
"1503","CD4 T"
"1504","CD8 T"
"1505","Mono"
"1506","other"
"1507","CD8 T"
"1508","CD4 T"
"1509","CD4 T"
"1510","CD4 T"
"1511","CD8 T"
"1512","CD4 T"
"1513","B"
"1514","B"
"1515","CD4 T"
"1516","CD4 T"
"1517","CD4 T"
"1518","CD4 T"
"1519","B"
"1520","CD4 T"
"1521","CD4 T"
"1522","NK"
"1523","B"
"1524","NK"
"1525","CD8 T"
"1526","CD4 T"
"1527","other"
"1528","CD4 T"
"1529","CD4 T"
"1530","CD4 T"
"1531","CD4 T"
"1532","CD4 T"
"1533","CD4 T"
"1534","CD4 T"
"1535","CD4 T"
"1536","CD4 T"
"1537","CD4 T"
"1538","CD4 T"
"1539","CD4 T"
"1540","CD4 T"
"1541","CD4 T"
"1542","other"
"1543","CD4 T"
"1544","B"
"1545","CD8 T"
"1546","other"
"1547","B"
"1548","B"
"1549","Mono"
"1550","B"
"1551","CD4 T"
"1552","other"
"1553","B"
"1554","B"
"1555","CD8 T"
"1556","CD4 T"
"1557","B"
"1558","other"
"1559","other"
"1560","CD4 T"
"1561","B"
"1562","CD4 T"
"1563","CD8 T"
"1564","CD8 T"
"1565","CD4 T"
"1566","Mono"
"1567","NK"
"1568","CD8 T"
"1569","CD4 T"
"1570","other T"
"1571","B"
"1572","CD4 T"
"1573","other"
"1574","B"
"1575","B"
"1576","CD4 T"
"1577","Mono"
"1578","CD4 T"
"1579","CD8 T"
"1580","B"
"1581","B"
"1582","CD8 T"
"1583","other"
"1584","other"
"1585","CD8 T"
"1586","CD4 T"
"1587","CD4 T"
"1588","CD4 T"
"1589","B"
"1590","CD4 T"
"1591","CD8 T"
"1592","CD4 T"
"1593","Mono"
"1594","CD4 T"
"1595","CD4 T"
"1596","CD4 T"
"1597","NK"
"1598","CD8 T"
"1599","CD4 T"
"1600","CD4 T"
"1601","B"
"1602","CD4 T"
"1603","B"
"1604","B"
"1605","CD4 T"
"1606","CD4 T"
"1607","CD4 T"
"1608","B"
"1609","Mono"
"1610","NK"
"1611","other T"
"1612","CD4 T"
"1613","CD8 T"
"1614","CD4 T"
"1615","B"
"1616","B"
"1617","Mono"
"1618","CD4 T"
"1619","CD4 T"
"1620","other T"
"1621","CD8 T"
"1622","CD8 T"
"1623","B"
"1624","CD8 T"
"1625","B"
"1626","CD4 T"
"1627","CD4 T"
"1628","Mono"
"1629","NK"
"1630","CD4 T"
"1631","B"
"1632","CD4 T"
"1633","CD4 T"
"1634","B"
"1635","CD4 T"
"1636","CD8 T"
"1637","CD4 T"
"1638","B"
"1639","CD4 T"
"1640","CD4 T"
"1641","CD4 T"
"1642","CD8 T"
"1643","CD4 T"
"1644","CD4 T"
"1645","CD8 T"
"1646","CD4 T"
"1647","B"
"1648","CD4 T"
"1649","CD4 T"
"1650","CD4 T"
"1651","CD4 T"
"1652","other"
"1653","CD8 T"
"1654","other"
"1655","CD4 T"
"1656","Mono"
"1657","Mono"
"1658","CD4 T"
"1659","CD8 T"
"1660","CD8 T"
"1661","CD4 T"
"1662","CD4 T"
"1663","CD8 T"
"1664","CD4 T"
"1665","CD8 T"
"1666","CD4 T"
"1667","NK"
"1668","CD8 T"
"1669","CD4 T"
"1670","Mono"
"1671","other"
"1672","Mono"
"1673","B"
"1674","CD8 T"
"1675","CD8 T"
"1676","CD4 T"
"1677","B"
"1678","CD8 T"
"1679","CD4 T"
"1680","other"
"1681","other"
"1682","CD4 T"
"1683","CD4 T"
"1684","CD8 T"
"1685","CD4 T"
"1686","CD4 T"
"1687","B"
"1688","B"
"1689","B"
"1690","CD4 T"
"1691","B"
"1692","Mono"
"1693","CD4 T"
"1694","other"
"1695","B"
"1696","Mono"
"1697","other T"
"1698","DC"
"1699","B"
"1700","CD4 T"
"1701","CD4 T"
"1702","CD4 T"
"1703","NK"
"1704","other"
"1705","CD4 T"
"1706","other"
"1707","B"
"1708","CD4 T"
"1709","CD4 T"
"1710","other"
"1711","other"
"1712","Mono"
"1713","CD4 T"
"1714","CD4 T"
"1715","other"
"1716","CD4 T"
"1717","other T"
"1718","CD4 T"
"1719","CD4 T"
"1720","CD4 T"
"1721","CD8 T"
"1722","Mono"
"1723","B"
"1724","other"
"1725","CD8 T"
"1726","CD4 T"
"1727","B"
"1728","CD4 T"
"1729","CD4 T"
"1730","CD4 T"
"1731","B"
"1732","CD4 T"
"1733","CD4 T"
"1734","CD4 T"
"1735","B"
"1736","CD4 T"
"1737","CD8 T"
"1738","CD4 T"
"1739","B"
"1740","CD8 T"
"1741","B"
"1742","Mono"
"1743","other T"
"1744","CD4 T"
"1745","CD4 T"
"1746","Mono"
"1747","other"
"1748","CD4 T"
"1749","CD8 T"
"1750","B"
"1751","CD4 T"
"1752","CD4 T"
"1753","other"
"1754","CD4 T"
"1755","CD4 T"
"1756","CD4 T"
"1757","NK"
"1758","CD4 T"
"1759","CD4 T"
"1760","CD4 T"
"1761","CD4 T"
"1762","CD4 T"
"1763","CD4 T"
"1764","CD4 T"
"1765","CD4 T"
"1766","B"
"1767","CD4 T"
"1768","CD4 T"
"1769","CD8 T"
"1770","CD4 T"
"1771","B"
"1772","other T"
"1773","CD4 T"
"1774","other T"
"1775","B"
"1776","B"
"1777","CD4 T"
"1778","CD8 T"
"1779","NK"
"1780","B"
"1781","CD4 T"
"1782","CD4 T"
"1783","NK"
"1784","B"
"1785","CD4 T"
"1786","CD4 T"
"1787","CD4 T"
"1788","Mono"
"1789","other"
"1790","other"
"1791","CD4 T"
"1792","CD4 T"
"1793","other"
"1794","other T"
"1795","CD4 T"
"1796","other"
"1797","CD4 T"
"1798","CD8 T"
"1799","Mono"
"1800","other T"
"1801","CD8 T"
"1802","B"
"1803","CD4 T"
"1804","CD4 T"
"1805","CD4 T"
"1806","NK"
"1807","CD4 T"
"1808","CD4 T"
"1809","CD4 T"
"1810","CD4 T"
"1811","B"
"1812","CD4 T"
"1813","CD4 T"
"1814","CD4 T"
"1815","CD4 T"
"1816","CD8 T"
"1817","CD4 T"
"1818","CD4 T"
"1819","B"
"1820","CD4 T"
"1821","B"
"1822","other T"
"1823","CD4 T"
"1824","CD4 T"
"1825","B"
"1826","CD4 T"
"1827","CD4 T"
"1828","B"
"1829","other T"
"1830","B"
"1831","B"
"1832","CD4 T"
"1833","Mono"
"1834","B"
"1835","B"
"1836","CD8 T"
"1837","CD4 T"
"1838","CD4 T"
"1839","other T"
"1840","B"
"1841","B"
"1842","CD4 T"
"1843","B"
"1844","CD4 T"
"1845","CD4 T"
"1846","B"
"1847","NK"
"1848","B"
"1849","B"
"1850","other T"
"1851","B"
"1852","CD4 T"
"1853","other"
"1854","other"
"1855","NK"
"1856","Mono"
"1857","CD8 T"
"1858","B"
"1859","CD8 T"
"1860","B"
"1861","other"
"1862","CD8 T"
"1863","CD4 T"
"1864","CD8 T"
"1865","B"
"1866","CD4 T"
"1867","other"
"1868","CD4 T"
"1869","B"
"1870","CD4 T"
"1871","B"
"1872","other T"
"1873","CD8 T"
"1874","other"
"1875","CD4 T"
"1876","Mono"
"1877","CD4 T"
"1878","other"
"1879","CD8 T"
"1880","CD8 T"
"1881","B"
"1882","B"
"1883","B"
"1884","other"
"1885","CD4 T"
"1886","CD4 T"
"1887","B"
"1888","other"
"1889","CD4 T"
"1890","other"
"1891","CD4 T"
"1892","CD4 T"
"1893","B"
"1894","CD4 T"
"1895","CD4 T"
"1896","other"
"1897","B"
"1898","NK"
"1899","CD8 T"
"1900","B"
"1901","other"
"1902","CD4 T"
"1903","other T"
"1904","CD4 T"
"1905","CD4 T"
"1906","B"
"1907","CD8 T"
"1908","CD4 T"
"1909","CD4 T"
"1910","other"
"1911","B"
"1912","other"
"1913","CD4 T"
"1914","CD4 T"
"1915","CD4 T"
"1916","other T"
"1917","CD4 T"
"1918","other"
"1919","CD4 T"
"1920","B"
"1921","CD4 T"
"1922","B"
"1923","CD4 T"
"1924","CD8 T"
"1925","CD4 T"
"1926","CD8 T"
"1927","NK"
"1928","other"
"1929","CD4 T"
"1930","CD4 T"
"1931","CD4 T"
"1932","CD4 T"
"1933","other"
"1934","CD4 T"
"1935","CD4 T"
"1936","CD4 T"
"1937","CD8 T"
"1938","CD4 T"
"1939","B"
"1940","B"
"1941","CD8 T"
"1942","CD4 T"
"1943","other"
"1944","CD4 T"
"1945","CD4 T"
"1946","NK"
"1947","CD4 T"
"1948","CD4 T"
"1949","CD4 T"
"1950","B"
"1951","CD4 T"
"1952","CD4 T"
"1953","CD8 T"
"1954","B"
"1955","CD4 T"
"1956","CD8 T"
"1957","other"
"1958","CD4 T"
"1959","B"
"1960","other"
"1961","NK"
"1962","CD4 T"
"1963","other"
"1964","Mono"
"1965","CD4 T"
"1966","CD8 T"
"1967","CD4 T"
"1968","NK"
"1969","B"
"1970","CD4 T"
"1971","CD4 T"
"1972","other T"
"1973","other"
"1974","other T"
"1975","NK"
"1976","CD4 T"
"1977","other T"
"1978","B"
"1979","NK"
"1980","Mono"
"1981","B"
"1982","CD8 T"
"1983","CD4 T"
"1984","other"
"1985","B"
"1986","CD4 T"
"1987","CD8 T"
"1988","CD4 T"
"1989","CD4 T"
"1990","CD4 T"
"1991","Mono"
"1992","CD8 T"
"1993","other"
"1994","B"
"1995","other"
"1996","CD8 T"
"1997","CD4 T"
"1998","CD4 T"
"1999","other"
"2000","CD4 T"
"2001","CD4 T"
"2002","CD4 T"
"2003","CD4 T"
"2004","B"
"2005","other"
"2006","CD4 T"
"2007","B"
"2008","CD8 T"
"2009","Mono"
"2010","CD4 T"
"2011","other"
"2012","CD4 T"
"2013","CD4 T"
"2014","other"
"2015","B"
"2016","B"
"2017","CD4 T"
"2018","B"
"2019","CD8 T"
"2020","CD8 T"
"2021","B"
"2022","B"
"2023","Mono"
"2024","NK"
"2025","CD4 T"
"2026","Mono"
"2027","CD8 T"
"2028","NK"
"2029","CD4 T"
"2030","NK"
"2031","CD4 T"
"2032","CD4 T"
"2033","B"
"2034","CD4 T"
"2035","CD4 T"
"2036","CD8 T"
"2037","CD4 T"
"2038","B"
"2039","B"
"2040","CD8 T"
"2041","B"
"2042","B"
"2043","B"
"2044","CD4 T"
"2045","NK"
"2046","other"
"2047","other T"
"2048","CD4 T"
"2049","CD4 T"
"2050","CD4 T"
"2051","other"
"2052","Mono"
"2053","CD4 T"
"2054","CD4 T"
"2055","CD4 T"
"2056","CD4 T"
"2057","CD4 T"
"2058","CD4 T"
"2059","CD8 T"
"2060","other"
"2061","other T"
"2062","CD8 T"
"2063","CD8 T"
"2064","CD4 T"
"2065","B"
"2066","CD4 T"
"2067","CD4 T"
"2068","CD4 T"
"2069","CD8 T"
"2070","other"
"2071","CD4 T"
"2072","CD8 T"
"2073","other"
"2074","Mono"
"2075","other"
"2076","CD4 T"
"2077","other"
"2078","CD8 T"
"2079","NK"
"2080","B"
"2081","CD4 T"
"2082","other"
"2083","Mono"
"2084","CD8 T"
"2085","CD4 T"
"2086","Mono"
"2087","NK"
"2088","CD8 T"
"2089","CD4 T"
"2090","CD4 T"
"2091","CD4 T"
"2092","CD4 T"
"2093","CD8 T"
"2094","CD8 T"
"2095","other T"
"2096","CD4 T"
"2097","CD8 T"
"2098","other"
"2099","CD8 T"
"2100","CD4 T"
"2101","CD8 T"
"2102","CD4 T"
"2103","CD4 T"
"2104","B"
"2105","CD8 T"
"2106","CD8 T"
"2107","NK"
"2108","CD4 T"
"2109","other"
"2110","B"
"2111","B"
"2112","CD4 T"
"2113","B"
"2114","Mono"
"2115","other"
"2116","CD4 T"
"2117","B"
"2118","CD4 T"
"2119","CD4 T"
"2120","other T"
"2121","CD8 T"
"2122","CD4 T"
"2123","CD4 T"
"2124","B"
"2125","Mono"
"2126","B"
"2127","CD4 T"
"2128","B"
"2129","CD4 T"
"2130","B"
"2131","CD8 T"
"2132","CD4 T"
"2133","B"
"2134","CD4 T"
"2135","other"
"2136","CD4 T"
"2137","other T"
"2138","other T"
"2139","B"
"2140","CD4 T"
"2141","CD4 T"
"2142","B"
"2143","B"
"2144","CD4 T"
"2145","B"
"2146","CD8 T"
"2147","CD4 T"
"2148","B"
"2149","other"
"2150","NK"
"2151","Mono"
"2152","B"
"2153","B"
"2154","other"
"2155","B"
"2156","CD8 T"
"2157","CD4 T"
"2158","CD4 T"
"2159","CD8 T"
"2160","CD4 T"
"2161","other T"
"2162","other T"
"2163","CD4 T"
"2164","CD4 T"
"2165","other"
"2166","B"
"2167","CD4 T"
"2168","B"
"2169","CD4 T"
"2170","other T"
"2171","CD4 T"
"2172","CD4 T"
"2173","other"
"2174","Mono"
"2175","NK"
"2176","CD4 T"
"2177","other"
"2178","CD8 T"
"2179","CD4 T"
"2180","other"
"2181","other"
"2182","CD8 T"
"2183","other"
"2184","CD4 T"
"2185","CD4 T"
"2186","other T"
"2187","B"
"2188","CD4 T"
"2189","Mono"
"2190","CD4 T"
"2191","B"
"2192","CD4 T"
"2193","other"
"2194","CD8 T"
"2195","NK"
"2196","CD4 T"
"2197","CD4 T"
"2198","CD4 T"
"2199","CD4 T"
"2200","CD4 T"
"2201","other"
"2202","CD4 T"
"2203","B"
"2204","NK"
"2205","other T"
"2206","other"
"2207","CD4 T"
"2208","NK"
"2209","B"
"2210","CD4 T"
"2211","NK"
"2212","B"
"2213","other"
"2214","CD4 T"
"2215","other"
"2216","other"
"2217","B"
"2218","other"
"2219","CD4 T"
"2220","CD4 T"
"2221","other"
"2222","CD4 T"
"2223","B"
"2224","B"
"2225","CD4 T"
"2226","CD4 T"
"2227","B"
"2228","B"
"2229","B"
"2230","CD4 T"
"2231","Mono"
"2232","CD4 T"
"2233","B"
"2234","B"
"2235","NK"
"2236","CD4 T"
"2237","CD4 T"
"2238","B"
"2239","CD4 T"
"2240","CD4 T"
"2241","CD8 T"
"2242","B"
"2243","CD4 T"
"2244","NK"
"2245","other T"
"2246","other"
"2247","Mono"
"2248","CD8 T"
"2249","B"
"2250","CD8 T"
"2251","CD4 T"
"2252","CD4 T"
"2253","B"
"2254","CD4 T"
"2255","CD4 T"
"2256","CD8 T"
"2257","CD4 T"
"2258","other"
"2259","B"
"2260","other"
"2261","CD4 T"
"2262","B"
"2263","CD4 T"
"2264","B"
"2265","CD4 T"
"2266","CD4 T"
"2267","CD4 T"
"2268","other"
"2269","other"
"2270","CD4 T"
"2271","CD4 T"
"2272","CD4 T"
"2273","CD4 T"
"2274","CD8 T"
"2275","CD4 T"
"2276","other"
"2277","B"
"2278","CD4 T"
"2279","B"
"2280","CD4 T"
"2281","CD8 T"
"2282","other"
"2283","Mono"
"2284","Mono"
"2285","CD4 T"
"2286","CD4 T"
"2287","B"
"2288","B"
"2289","B"
"2290","CD4 T"
"2291","CD4 T"
"2292","CD8 T"
"2293","other"
"2294","B"
"2295","CD8 T"
"2296","other"
"2297","B"
"2298","CD4 T"
"2299","CD4 T"
"2300","CD4 T"
"2301","other T"
"2302","B"
"2303","B"
"2304","B"
"2305","CD4 T"
"2306","Mono"
"2307","other T"
"2308","CD4 T"
"2309","NK"
"2310","CD4 T"
"2311","CD4 T"
"2312","CD4 T"
"2313","B"
"2314","CD4 T"
"2315","B"
"2316","other"
"2317","CD8 T"
"2318","CD8 T"
"2319","B"
"2320","CD4 T"
"2321","CD4 T"
"2322","NK"
"2323","CD8 T"
"2324","CD4 T"
"2325","CD4 T"
"2326","CD4 T"
"2327","CD4 T"
"2328","Mono"
"2329","CD4 T"
"2330","other"
"2331","other T"
"2332","CD4 T"
"2333","CD4 T"
"2334","CD8 T"
"2335","CD4 T"
"2336","CD4 T"
"2337","CD4 T"
"2338","CD4 T"
"2339","NK"
"2340","CD4 T"
"2341","CD8 T"
"2342","other T"
"2343","CD4 T"
"2344","other"
"2345","CD4 T"
"2346","CD4 T"
"2347","CD8 T"
"2348","CD8 T"
"2349","CD8 T"
"2350","Mono"
"2351","B"
"2352","CD4 T"
"2353","other"
"2354","CD4 T"
"2355","CD4 T"
"2356","NK"
"2357","B"
"2358","other T"
"2359","B"
"2360","CD4 T"
"2361","other"
"2362","CD4 T"
"2363","B"
"2364","CD4 T"
"2365","B"
"2366","B"
"2367","CD4 T"
"2368","NK"
"2369","other"
"2370","B"
"2371","B"
"2372","CD8 T"
"2373","other"
"2374","other T"
"2375","other"
"2376","CD4 T"
"2377","Mono"
"2378","CD4 T"
"2379","CD4 T"
"2380","CD8 T"
"2381","CD4 T"
"2382","B"
"2383","B"
"2384","CD4 T"
"2385","other"
"2386","NK"
"2387","B"
"2388","B"
"2389","B"
"2390","other"
"2391","CD4 T"
"2392","Mono"
"2393","CD4 T"
"2394","CD8 T"
"2395","CD8 T"
"2396","CD4 T"
"2397","CD4 T"
"2398","CD4 T"
"2399","other"
"2400","CD4 T"
"2401","other T"
"2402","CD4 T"
"2403","CD4 T"
"2404","CD4 T"
"2405","CD8 T"
"2406","other"
"2407","B"
"2408","B"
"2409","other"
"2410","CD4 T"
"2411","CD8 T"
"2412","B"
"2413","B"
"2414","CD8 T"
"2415","other T"
"2416","B"
"2417","CD4 T"
"2418","other"
"2419","B"
"2420","CD4 T"
"2421","CD4 T"
"2422","CD8 T"
"2423","other"
"2424","NK"
"2425","CD4 T"
"2426","CD8 T"
"2427","CD8 T"
"2428","B"
"2429","Mono"
"2430","CD4 T"
"2431","CD4 T"
"2432","other T"
"2433","other"
"2434","CD4 T"
"2435","CD4 T"
"2436","CD8 T"
"2437","CD4 T"
"2438","B"
"2439","Mono"
"2440","CD4 T"
"2441","B"
"2442","B"
"2443","CD8 T"
"2444","CD8 T"
"2445","CD4 T"
"2446","Mono"
"2447","B"
"2448","CD4 T"
"2449","CD8 T"
"2450","other"
"2451","B"
"2452","NK"
"2453","B"
"2454","CD4 T"
"2455","Mono"
"2456","CD8 T"
"2457","B"
"2458","CD4 T"
"2459","CD4 T"
"2460","CD8 T"
"2461","other T"
"2462","DC"
"2463","CD4 T"
"2464","CD4 T"
"2465","CD4 T"
"2466","CD8 T"
"2467","CD4 T"
"2468","CD4 T"
"2469","B"
"2470","CD4 T"
"2471","CD4 T"
"2472","CD4 T"
"2473","other"
"2474","CD4 T"
"2475","CD8 T"
"2476","CD4 T"
"2477","B"
"2478","CD4 T"
"2479","B"
"2480","B"
"2481","B"
"2482","NK"
"2483","CD4 T"
"2484","CD4 T"
"2485","NK"
"2486","CD4 T"
"2487","CD4 T"
"2488","CD4 T"
"2489","CD8 T"
"2490","CD4 T"
"2491","CD4 T"
"2492","B"
"2493","CD4 T"
"2494","CD4 T"
"2495","other"
"2496","CD4 T"
"2497","CD4 T"
"2498","CD8 T"
"2499","CD4 T"
"2500","CD4 T"
"2501","B"
"2502","Mono"
"2503","CD4 T"
"2504","CD4 T"
"2505","CD4 T"
"2506","CD4 T"
"2507","other"
"2508","CD4 T"
"2509","Mono"
"2510","CD4 T"
"2511","B"
"2512","CD4 T"
"2513","other"
"2514","B"
"2515","CD4 T"
"2516","Mono"
"2517","other"
"2518","other"
"2519","other"
"2520","Mono"
"2521","Mono"
"2522","CD4 T"
"2523","Mono"
"2524","B"
"2525","other"
"2526","Mono"
"2527","other"
"2528","Mono"
"2529","CD4 T"
"2530","other"
"2531","other"
"2532","CD4 T"
"2533","Mono"
"2534","CD4 T"
"2535","Mono"
"2536","CD4 T"
"2537","other"
"2538","B"
"2539","B"
"2540","CD4 T"
"2541","CD4 T"
"2542","Mono"
"2543","other"
"2544","DC"
"2545","other"
"2546","other"
"2547","CD4 T"
"2548","other"
"2549","other"
"2550","other"
"2551","other"
"2552","other"
"2553","other"
"2554","other T"
"2555","Mono"
"2556","other"
"2557","CD4 T"
"2558","DC"
"2559","other"
"2560","other"
"2561","other"
"2562","other T"
"2563","other"
"2564","B"
"2565","CD8 T"
"2566","CD4 T"
"2567","B"
"2568","other"
"2569","CD4 T"
"2570","CD4 T"
"2571","B"
"2572","CD4 T"
"2573","B"
"2574","CD8 T"
"2575","B"
"2576","CD4 T"
"2577","B"
"2578","CD8 T"
"2579","other"
"2580","CD8 T"
"2581","B"
"2582","B"
"2583","CD4 T"
"2584","other"
"2585","other"
"2586","B"
"2587","NK"
"2588","B"
"2589","CD4 T"
"2590","B"
"2591","NK"
"2592","Mono"
"2593","other T"
"2594","CD4 T"
"2595","B"
"2596","Mono"
"2597","other"
"2598","B"
"2599","B"
"2600","CD8 T"
"2601","NK"
"2602","CD4 T"
"2603","B"
"2604","CD4 T"
"2605","B"
"2606","B"
"2607","other"
"2608","CD8 T"
"2609","CD4 T"
"2610","other"
"2611","CD4 T"
"2612","other T"
"2613","CD4 T"
"2614","Mono"
"2615","CD4 T"
"2616","CD4 T"
"2617","CD4 T"
"2618","Mono"
"2619","other"
"2620","CD8 T"
"2621","CD4 T"
"2622","CD8 T"
"2623","B"
"2624","other"
"2625","CD4 T"
"2626","CD4 T"
"2627","Mono"
"2628","B"
"2629","CD4 T"
"2630","CD4 T"
"2631","other"
"2632","B"
"2633","Mono"
"2634","CD8 T"
"2635","B"
"2636","other"
"2637","CD4 T"
"2638","other"
"2639","CD4 T"
"2640","CD4 T"
"2641","B"
"2642","B"
"2643","other"
"2644","B"
"2645","other"
"2646","B"
"2647","other"
"2648","B"
"2649","B"
"2650","CD4 T"
"2651","CD4 T"
"2652","other"
"2653","B"
"2654","CD8 T"
"2655","CD4 T"
"2656","CD4 T"
"2657","CD4 T"
"2658","B"
"2659","B"
"2660","CD4 T"
"2661","CD4 T"
"2662","CD4 T"
"2663","B"
"2664","CD4 T"
"2665","CD8 T"
"2666","CD8 T"
"2667","other T"
"2668","other"
"2669","CD4 T"
"2670","CD4 T"
"2671","NK"
"2672","B"
"2673","CD8 T"
"2674","CD4 T"
"2675","CD8 T"
"2676","CD8 T"
"2677","CD8 T"
"2678","CD4 T"
"2679","NK"
"2680","B"
"2681","CD4 T"
"2682","CD4 T"
"2683","NK"
"2684","other T"
"2685","CD4 T"
"2686","CD4 T"
"2687","B"
"2688","NK"
"2689","B"
"2690","CD4 T"
"2691","Mono"
"2692","NK"
"2693","CD4 T"
"2694","other"
"2695","CD8 T"
"2696","CD4 T"
"2697","CD4 T"
"2698","CD8 T"
"2699","NK"
"2700","CD4 T"
"2701","NK"
"2702","CD4 T"
"2703","CD4 T"
"2704","CD8 T"
"2705","CD8 T"
"2706","CD4 T"
"2707","CD4 T"
"2708","B"
"2709","B"
"2710","other T"
"2711","CD4 T"
"2712","CD4 T"
"2713","CD8 T"
"2714","B"
"2715","other T"
"2716","other T"
"2717","CD4 T"
"2718","other"
"2719","B"
"2720","CD4 T"
"2721","other T"
"2722","NK"
"2723","CD8 T"
"2724","B"
"2725","other"
"2726","NK"
"2727","NK"
"2728","CD4 T"
"2729","NK"
"2730","B"
"2731","CD4 T"
"2732","CD4 T"
"2733","B"
"2734","CD4 T"
"2735","CD4 T"
"2736","CD8 T"
"2737","B"
"2738","NK"
"2739","CD4 T"
"2740","CD4 T"
"2741","CD4 T"
"2742","CD4 T"
"2743","CD8 T"
"2744","B"
"2745","CD8 T"
"2746","CD4 T"
"2747","other T"
"2748","CD8 T"
"2749","CD8 T"
"2750","other"
"2751","other T"
"2752","CD4 T"
"2753","NK"
"2754","CD4 T"
"2755","B"
"2756","other"
"2757","CD4 T"
"2758","CD4 T"
"2759","B"
"2760","B"
"2761","CD4 T"
"2762","B"
"2763","CD4 T"
"2764","other"
"2765","B"
"2766","CD4 T"
"2767","B"
"2768","B"
"2769","B"
"2770","other"
"2771","CD8 T"
"2772","NK"
"2773","CD4 T"
"2774","B"
"2775","CD4 T"
"2776","other T"
"2777","B"
"2778","B"
"2779","CD4 T"
"2780","NK"
"2781","B"
"2782","CD4 T"
"2783","CD4 T"
"2784","CD8 T"
"2785","NK"
"2786","CD8 T"
"2787","CD4 T"
"2788","CD8 T"
"2789","NK"
"2790","CD8 T"
"2791","B"
"2792","other"
"2793","other"
"2794","CD8 T"
"2795","CD8 T"
"2796","CD4 T"
"2797","other"
"2798","other"
"2799","B"
"2800","CD8 T"
"2801","CD8 T"
"2802","NK"
"2803","CD4 T"
"2804","B"
"2805","NK"
"2806","other T"
"2807","B"
"2808","CD4 T"
"2809","CD4 T"
"2810","CD4 T"
"2811","CD4 T"
"2812","B"
"2813","CD8 T"
"2814","B"
"2815","other"
"2816","B"
"2817","CD4 T"
"2818","CD4 T"
"2819","CD8 T"
"2820","NK"
"2821","NK"
"2822","NK"
"2823","CD8 T"
"2824","B"
"2825","CD4 T"
"2826","B"
"2827","NK"
"2828","B"
"2829","B"
"2830","NK"
"2831","B"
"2832","other"
"2833","Mono"
"2834","CD8 T"
"2835","NK"
"2836","B"
"2837","NK"
"2838","other"
"2839","other"
"2840","B"
"2841","B"
"2842","B"
"2843","other"
"2844","other"
"2845","CD4 T"
"2846","CD4 T"
"2847","B"
"2848","CD8 T"
"2849","CD4 T"
"2850","NK"
"2851","B"
"2852","CD4 T"
"2853","B"
"2854","NK"
"2855","other"
"2856","NK"
"2857","CD4 T"
"2858","NK"
"2859","CD8 T"
"2860","CD8 T"
"2861","B"
"2862","B"
"2863","B"
"2864","CD4 T"
"2865","NK"
"2866","CD8 T"
"2867","B"
"2868","other"
"2869","CD4 T"
"2870","B"
"2871","other"
"2872","other"
"2873","NK"
"2874","B"
"2875","CD8 T"
"2876","Mono"
"2877","B"
"2878","CD4 T"
"2879","B"
"2880","CD8 T"
"2881","other"
"2882","B"
"2883","NK"
"2884","other T"
"2885","CD4 T"
"2886","NK"
"2887","other"
"2888","B"
"2889","other T"
"2890","other T"
"2891","other"
"2892","B"
"2893","CD4 T"
"2894","CD8 T"
"2895","CD4 T"
"2896","B"
"2897","CD4 T"
"2898","other"
"2899","CD4 T"
"2900","B"
"2901","CD4 T"
"2902","B"
"2903","Mono"
"2904","other"
"2905","B"
"2906","other"
"2907","CD8 T"
"2908","CD8 T"
"2909","CD4 T"
"2910","Mono"
"2911","CD4 T"
"2912","B"
"2913","B"
"2914","CD4 T"
"2915","B"
"2916","Mono"
"2917","other"
"2918","CD4 T"
"2919","B"
"2920","NK"
"2921","CD8 T"
"2922","other"
"2923","Mono"
"2924","CD4 T"
"2925","CD8 T"
"2926","CD8 T"
"2927","CD4 T"
"2928","B"
"2929","other"
"2930","NK"
"2931","B"
"2932","CD4 T"
"2933","NK"
"2934","CD4 T"
"2935","CD8 T"
"2936","CD4 T"
"2937","B"
"2938","CD4 T"
"2939","CD8 T"
"2940","CD4 T"
"2941","B"
"2942","B"
"2943","B"
"2944","B"
"2945","Mono"
"2946","B"
"2947","Mono"
"2948","CD4 T"
"2949","B"
"2950","CD8 T"
"2951","B"
"2952","CD4 T"
"2953","other"
"2954","CD4 T"
"2955","Mono"
"2956","CD4 T"
"2957","CD4 T"
"2958","B"
"2959","CD4 T"
"2960","CD4 T"
"2961","CD4 T"
"2962","other"
"2963","CD8 T"
"2964","other"
"2965","B"
"2966","CD8 T"
"2967","NK"
"2968","CD4 T"
"2969","CD4 T"
"2970","CD4 T"
"2971","CD4 T"
"2972","CD4 T"
"2973","NK"
"2974","CD8 T"
"2975","B"
"2976","Mono"
"2977","other T"
"2978","NK"
"2979","CD4 T"
"2980","B"
"2981","B"
"2982","Mono"
"2983","CD8 T"
"2984","CD4 T"
"2985","B"
"2986","other"
"2987","other"
"2988","B"
"2989","CD4 T"
"2990","CD4 T"
"2991","CD4 T"
"2992","B"
"2993","CD8 T"
"2994","CD4 T"
"2995","B"
"2996","B"
"2997","CD4 T"
"2998","CD4 T"
"2999","B"
"3000","CD4 T"
"3001","other"
"3002","CD4 T"
"3003","CD4 T"
"3004","B"
"3005","CD8 T"
"3006","B"
"3007","other"
"3008","CD4 T"
"3009","NK"
"3010","CD4 T"
"3011","CD8 T"
"3012","B"
"3013","CD4 T"
"3014","B"
"3015","other"
"3016","B"
"3017","other"
"3018","other T"
"3019","Mono"
"3020","CD4 T"
"3021","CD4 T"
"3022","CD4 T"
"3023","B"
"3024","B"
"3025","B"
"3026","B"
"3027","B"
"3028","CD4 T"
"3029","B"
"3030","CD4 T"
"3031","CD4 T"
"3032","NK"
"3033","B"
"3034","CD8 T"
"3035","CD4 T"
"3036","CD8 T"
"3037","B"
"3038","CD4 T"
"3039","B"
"3040","CD4 T"
"3041","other"
"3042","NK"
"3043","CD8 T"
"3044","CD4 T"
"3045","CD4 T"
"3046","CD4 T"
"3047","CD8 T"
"3048","CD4 T"
"3049","CD8 T"
"3050","CD8 T"
"3051","CD4 T"
"3052","CD8 T"
"3053","CD4 T"
"3054","B"
"3055","CD4 T"
"3056","CD4 T"
"3057","CD4 T"
"3058","CD4 T"
"3059","other T"
"3060","CD8 T"
"3061","CD4 T"
"3062","CD8 T"
"3063","CD4 T"
"3064","CD4 T"
"3065","CD4 T"
"3066","CD4 T"
"3067","CD4 T"
"3068","CD4 T"
"3069","CD4 T"
"3070","CD4 T"
"3071","CD4 T"
"3072","CD4 T"
"3073","CD4 T"
"3074","Mono"
"3075","CD4 T"
"3076","CD4 T"
"3077","other"
"3078","CD4 T"
"3079","B"
"3080","CD4 T"
"3081","CD4 T"
"3082","B"
"3083","CD8 T"
"3084","CD4 T"
"3085","B"
"3086","B"
"3087","CD4 T"
"3088","CD4 T"
"3089","CD4 T"
"3090","CD8 T"
"3091","CD4 T"
"3092","B"
"3093","B"
"3094","B"
"3095","B"
"3096","B"
"3097","B"
"3098","B"
"3099","B"
"3100","B"
"3101","B"
"3102","B"
"3103","B"
"3104","B"
"3105","B"
"3106","B"
"3107","B"
"3108","B"
"3109","B"
"3110","B"
"3111","B"
"3112","B"
"3113","B"
"3114","B"
"3115","B"
"3116","B"
"3117","B"
"3118","B"
"3119","B"
"3120","B"
"3121","B"
"3122","B"
"3123","B"
"3124","B"
"3125","B"
"3126","B"
"3127","B"
"3128","B"
"3129","B"
"3130","B"
"3131","B"
"3132","B"
"3133","B"
"3134","B"
"3135","B"
"3136","B"
"3137","B"
"3138","B"
"3139","B"
"3140","B"
"3141","B"
"3142","B"
"3143","B"
"3144","B"
"3145","B"
"3146","B"
"3147","B"
"3148","B"
"3149","B"
"3150","B"
"3151","B"
"3152","B"
"3153","B"
"3154","B"
"3155","B"
"3156","B"
"3157","B"
"3158","B"
"3159","B"
"3160","B"
"3161","B"
"3162","B"
"3163","B"
"3164","B"
"3165","B"
"3166","B"
"3167","B"
"3168","B"
"3169","B"
"3170","CD4 T"
"3171","B"
"3172","CD4 T"
"3173","CD4 T"
"3174","CD4 T"
"3175","other"
"3176","B"
"3177","CD4 T"
"3178","CD4 T"
"3179","CD4 T"
"3180","CD4 T"
"3181","CD4 T"
"3182","CD4 T"
"3183","CD4 T"
"3184","B"
"3185","CD8 T"
"3186","B"
"3187","CD4 T"
"3188","CD8 T"
"3189","CD4 T"
"3190","B"
"3191","B"
"3192","CD4 T"
"3193","CD4 T"
"3194","CD4 T"
"3195","CD4 T"
"3196","CD4 T"
"3197","CD8 T"
"3198","CD4 T"
"3199","B"
"3200","CD8 T"
"3201","CD4 T"
"3202","CD4 T"
"3203","CD4 T"
"3204","CD8 T"
"3205","CD4 T"
"3206","CD8 T"
"3207","other"
"3208","CD4 T"
"3209","CD4 T"
"3210","CD4 T"
"3211","CD4 T"
"3212","B"
"3213","Mono"
"3214","B"
"3215","CD4 T"
"3216","CD8 T"
"3217","CD4 T"
"3218","CD4 T"
"3219","CD8 T"
"3220","B"
"3221","B"
"3222","CD4 T"
"3223","B"
"3224","CD4 T"
"3225","CD4 T"
"3226","CD4 T"
"3227","CD4 T"
"3228","CD4 T"
"3229","B"
"3230","CD4 T"
"3231","CD8 T"
"3232","other"
"3233","other T"
"3234","other"
"3235","CD4 T"
"3236","B"
"3237","DC"
"3238","CD8 T"
"3239","CD8 T"
"3240","CD8 T"
"3241","other T"
"3242","CD4 T"
"3243","CD4 T"
"3244","B"
"3245","CD4 T"
"3246","other"
"3247","B"
"3248","CD4 T"
"3249","CD4 T"
"3250","CD4 T"
"3251","CD4 T"
"3252","CD8 T"
"3253","CD4 T"
"3254","CD4 T"
"3255","CD8 T"
"3256","CD4 T"
"3257","CD4 T"
"3258","CD4 T"
"3259","NK"
"3260","CD4 T"
"3261","CD4 T"
"3262","CD8 T"
"3263","CD8 T"
"3264","CD4 T"
"3265","Mono"
"3266","CD4 T"
"3267","CD8 T"
"3268","CD4 T"
"3269","CD4 T"
"3270","CD4 T"
"3271","other T"
"3272","CD8 T"
"3273","NK"
"3274","B"
"3275","CD4 T"
"3276","CD8 T"
"3277","NK"
"3278","other"
"3279","B"
"3280","B"
"3281","B"
"3282","CD4 T"
"3283","B"
"3284","CD8 T"
"3285","CD4 T"
"3286","other"
"3287","B"
"3288","CD4 T"
"3289","CD4 T"
"3290","CD4 T"
"3291","CD4 T"
"3292","other"
"3293","CD4 T"
"3294","B"
"3295","B"
"3296","Mono"
"3297","Mono"
"3298","CD4 T"
"3299","CD4 T"
"3300","CD4 T"
"3301","other T"
"3302","other T"
"3303","CD4 T"
"3304","CD4 T"
"3305","CD8 T"
"3306","CD4 T"
"3307","CD4 T"
"3308","B"
"3309","CD4 T"
"3310","B"
"3311","CD4 T"
"3312","CD4 T"
"3313","B"
"3314","CD4 T"
"3315","CD4 T"
"3316","B"
"3317","CD4 T"
"3318","NK"
"3319","CD8 T"
"3320","CD4 T"
"3321","other"
"3322","other"
"3323","other"
"3324","CD4 T"
"3325","CD4 T"
"3326","CD4 T"
"3327","CD4 T"
"3328","CD8 T"
"3329","CD4 T"
"3330","CD8 T"
"3331","other"
"3332","B"
"3333","CD4 T"
"3334","NK"
"3335","CD8 T"
"3336","NK"
"3337","B"
"3338","B"
"3339","CD4 T"
"3340","CD4 T"
"3341","CD4 T"
"3342","CD8 T"
"3343","CD4 T"
"3344","other"
"3345","B"
"3346","CD4 T"
"3347","CD8 T"
"3348","CD8 T"
"3349","CD4 T"
"3350","CD8 T"
"3351","CD4 T"
"3352","B"
"3353","CD4 T"
"3354","CD8 T"
"3355","CD4 T"
"3356","CD4 T"
"3357","CD4 T"
"3358","other"
"3359","CD4 T"
"3360","CD4 T"
"3361","CD4 T"
"3362","Mono"
"3363","CD4 T"
"3364","other"
"3365","CD4 T"
"3366","CD4 T"
"3367","B"
"3368","B"
"3369","CD4 T"
"3370","B"
"3371","CD4 T"
"3372","other"
"3373","CD4 T"
"3374","CD4 T"
"3375","CD4 T"
"3376","CD4 T"
"3377","CD4 T"
"3378","B"
"3379","B"
"3380","other"
"3381","CD4 T"
"3382","CD4 T"
"3383","B"
"3384","CD4 T"
"3385","CD8 T"
"3386","CD4 T"
"3387","NK"
"3388","B"
"3389","B"
"3390","NK"
"3391","B"
"3392","B"
"3393","B"
"3394","other"
"3395","CD4 T"
"3396","B"
"3397","CD4 T"
"3398","CD4 T"
"3399","CD4 T"
"3400","B"
"3401","CD4 T"
"3402","Mono"
"3403","CD4 T"
"3404","B"
"3405","CD4 T"
"3406","CD4 T"
"3407","other"
"3408","CD8 T"
"3409","CD8 T"
"3410","other"
"3411","CD4 T"
"3412","CD4 T"
"3413","CD4 T"
"3414","CD8 T"
"3415","B"
"3416","B"
"3417","CD4 T"
"3418","NK"
"3419","CD4 T"
"3420","CD4 T"
"3421","CD4 T"
"3422","CD4 T"
"3423","CD4 T"
"3424","CD8 T"
"3425","CD4 T"
"3426","CD4 T"
"3427","CD4 T"
"3428","CD4 T"
"3429","B"
"3430","CD4 T"
"3431","B"
"3432","CD4 T"
"3433","CD4 T"
"3434","CD4 T"
"3435","CD4 T"
"3436","B"
"3437","CD8 T"
"3438","other"
"3439","CD4 T"
"3440","CD4 T"
"3441","B"
"3442","CD8 T"
"3443","CD4 T"
"3444","other"
"3445","DC"
"3446","CD4 T"
"3447","CD4 T"
"3448","CD4 T"
"3449","CD8 T"
"3450","CD4 T"
"3451","CD4 T"
"3452","Mono"
"3453","CD4 T"
"3454","CD4 T"
"3455","CD4 T"
"3456","B"
"3457","CD4 T"
"3458","CD4 T"
"3459","CD4 T"
"3460","other"
"3461","CD8 T"
"3462","other"
"3463","CD4 T"
"3464","B"
"3465","CD4 T"
"3466","CD4 T"
"3467","CD8 T"
"3468","B"
"3469","CD4 T"
"3470","B"
"3471","NK"
"3472","other"
"3473","B"
"3474","other T"
"3475","Mono"
"3476","CD4 T"
"3477","CD4 T"
"3478","CD4 T"
"3479","CD4 T"
"3480","CD4 T"
"3481","CD4 T"
"3482","CD4 T"
"3483","CD4 T"
"3484","CD4 T"
"3485","CD8 T"
"3486","CD4 T"
"3487","CD4 T"
"3488","B"
"3489","CD4 T"
"3490","CD8 T"
"3491","CD4 T"
"3492","CD4 T"
"3493","CD4 T"
"3494","B"
"3495","CD8 T"
"3496","CD4 T"
"3497","CD4 T"
"3498","CD4 T"
"3499","other"
"3500","CD8 T"
"3501","other T"
"3502","Mono"
"3503","CD8 T"
"3504","B"
"3505","other"
"3506","B"
"3507","other"
"3508","other"
"3509","other"
"3510","other"
"3511","CD8 T"
"3512","CD4 T"
"3513","B"
"3514","CD4 T"
"3515","CD4 T"
"3516","B"
"3517","CD4 T"
"3518","B"
"3519","CD8 T"
"3520","CD4 T"
"3521","CD4 T"
"3522","other"
"3523","CD4 T"
"3524","CD8 T"
"3525","CD4 T"
"3526","CD4 T"
"3527","CD8 T"
"3528","CD4 T"
"3529","other T"
"3530","CD8 T"
"3531","CD8 T"
"3532","CD4 T"
"3533","CD4 T"
"3534","CD4 T"
"3535","B"
"3536","CD4 T"
"3537","CD4 T"
"3538","CD4 T"
"3539","CD8 T"
"3540","CD4 T"
"3541","CD4 T"
"3542","B"
"3543","CD8 T"
"3544","CD4 T"
"3545","CD4 T"
"3546","CD4 T"
"3547","CD8 T"
"3548","CD4 T"
"3549","NK"
"3550","CD4 T"
"3551","CD4 T"
"3552","CD4 T"
"3553","other T"
"3554","CD4 T"
"3555","CD4 T"
"3556","CD4 T"
"3557","other"
"3558","CD4 T"
"3559","CD4 T"
"3560","CD4 T"
"3561","B"
"3562","CD4 T"
"3563","CD4 T"
"3564","NK"
"3565","CD4 T"
"3566","NK"
"3567","B"
"3568","other"
"3569","CD4 T"
"3570","CD4 T"
"3571","B"
"3572","CD8 T"
"3573","CD4 T"
"3574","Mono"
"3575","CD4 T"
"3576","other"
"3577","CD4 T"
"3578","CD4 T"
"3579","other T"
"3580","B"
"3581","CD8 T"
"3582","other"
"3583","other"
"3584","B"
"3585","CD4 T"
"3586","CD8 T"
"3587","CD8 T"
"3588","Mono"
"3589","CD8 T"
"3590","CD4 T"
"3591","CD8 T"
"3592","CD8 T"
"3593","CD4 T"
"3594","NK"
"3595","NK"
"3596","CD4 T"
"3597","CD4 T"
"3598","CD4 T"
"3599","CD4 T"
"3600","CD4 T"
"3601","CD8 T"
"3602","CD4 T"
"3603","CD4 T"
"3604","CD8 T"
"3605","CD4 T"
"3606","CD8 T"
"3607","B"
"3608","CD8 T"
"3609","B"
"3610","CD4 T"
"3611","CD4 T"
"3612","B"
"3613","NK"
"3614","NK"
"3615","CD4 T"
"3616","CD4 T"
"3617","CD4 T"
"3618","CD4 T"
"3619","CD4 T"
"3620","CD4 T"
"3621","CD8 T"
"3622","CD8 T"
"3623","CD8 T"
"3624","CD4 T"
"3625","CD8 T"
"3626","CD4 T"
"3627","CD4 T"
"3628","CD4 T"
"3629","CD8 T"
"3630","other T"
"3631","CD4 T"
"3632","CD8 T"
"3633","CD4 T"
"3634","CD4 T"
"3635","B"
"3636","CD4 T"
"3637","NK"
"3638","CD8 T"
"3639","CD8 T"
"3640","Mono"
"3641","CD4 T"
"3642","CD8 T"
"3643","CD4 T"
"3644","NK"
"3645","CD4 T"
"3646","CD8 T"
"3647","other"
"3648","CD8 T"
"3649","CD4 T"
"3650","other"
"3651","NK"
"3652","CD4 T"
"3653","CD4 T"
"3654","other"
"3655","CD4 T"
"3656","CD4 T"
"3657","B"
"3658","CD4 T"
"3659","CD4 T"
"3660","CD4 T"
"3661","B"
"3662","CD4 T"
"3663","B"
"3664","CD4 T"
"3665","CD4 T"
"3666","CD8 T"
"3667","CD4 T"
"3668","CD4 T"
"3669","CD4 T"
"3670","B"
"3671","CD4 T"
"3672","CD4 T"
"3673","NK"
"3674","CD8 T"
"3675","CD4 T"
"3676","CD4 T"
"3677","CD4 T"
"3678","CD4 T"
"3679","B"
"3680","CD8 T"
"3681","CD4 T"
"3682","CD4 T"
"3683","CD4 T"
"3684","CD4 T"
"3685","CD4 T"
"3686","CD4 T"
"3687","Mono"
"3688","B"
"3689","CD4 T"
"3690","other T"
"3691","CD4 T"
"3692","CD4 T"
"3693","CD4 T"
"3694","CD4 T"
"3695","CD4 T"
"3696","CD4 T"
"3697","CD4 T"
"3698","CD4 T"
"3699","other T"
"3700","B"
"3701","CD4 T"
"3702","CD4 T"
"3703","CD4 T"
"3704","other"
"3705","CD4 T"
"3706","other"
"3707","CD4 T"
"3708","other"
"3709","CD4 T"
"3710","other"
"3711","CD4 T"
"3712","CD4 T"
"3713","CD4 T"
"3714","CD8 T"
"3715","other"
"3716","CD4 T"
"3717","CD8 T"
"3718","CD4 T"
"3719","NK"
"3720","CD4 T"
"3721","CD4 T"
"3722","CD8 T"
"3723","B"
"3724","other"
"3725","other T"
"3726","B"
"3727","CD8 T"
"3728","CD4 T"
"3729","CD4 T"
"3730","other"
"3731","CD4 T"
"3732","B"
"3733","CD4 T"
"3734","other T"
"3735","CD4 T"
"3736","CD4 T"
"3737","other"
"3738","CD4 T"
"3739","other"
"3740","other"
"3741","CD4 T"
"3742","B"
"3743","CD8 T"
"3744","CD4 T"
"3745","other T"
"3746","CD4 T"
"3747","CD4 T"
"3748","CD4 T"
"3749","B"
"3750","NK"
"3751","CD8 T"
"3752","CD8 T"
"3753","CD4 T"
"3754","NK"
"3755","CD4 T"
"3756","other"
"3757","CD4 T"
"3758","CD4 T"
"3759","B"
"3760","B"
"3761","other"
"3762","CD4 T"
"3763","CD8 T"
"3764","CD8 T"
"3765","CD4 T"
"3766","B"
"3767","CD8 T"
"3768","CD4 T"
"3769","CD8 T"
"3770","CD4 T"
"3771","CD8 T"
"3772","Mono"
"3773","CD8 T"
"3774","B"
"3775","B"
"3776","B"
"3777","CD8 T"
"3778","CD4 T"
"3779","CD4 T"
"3780","CD4 T"
"3781","CD4 T"
"3782","CD4 T"
"3783","CD8 T"
"3784","CD8 T"
"3785","other"
"3786","CD4 T"
"3787","CD4 T"
"3788","CD4 T"
"3789","B"
"3790","other T"
"3791","B"
"3792","other"
"3793","CD8 T"
"3794","CD4 T"
"3795","other"
"3796","other T"
"3797","other"
"3798","other T"
"3799","B"
"3800","CD4 T"
"3801","B"
"3802","CD8 T"
"3803","CD8 T"
"3804","CD8 T"
"3805","CD4 T"
"3806","CD8 T"
"3807","CD4 T"
"3808","CD4 T"
"3809","other"
"3810","B"
"3811","CD8 T"
"3812","other"
"3813","CD8 T"
"3814","CD4 T"
"3815","Mono"
"3816","NK"
"3817","CD4 T"
"3818","CD8 T"
"3819","Mono"
"3820","Mono"
"3821","B"
"3822","CD8 T"
"3823","CD4 T"
"3824","B"
"3825","other"
"3826","CD8 T"
"3827","CD4 T"
"3828","CD4 T"
"3829","CD4 T"
"3830","B"
"3831","CD4 T"
"3832","B"
"3833","other"
"3834","other"
"3835","CD4 T"
"3836","other"
"3837","B"
"3838","CD4 T"
"3839","CD4 T"
"3840","B"
"3841","CD4 T"
"3842","CD4 T"
"3843","other"
"3844","CD4 T"
"3845","B"
"3846","CD4 T"
"3847","other"
"3848","B"
"3849","B"
"3850","other"
"3851","CD4 T"
"3852","CD4 T"
"3853","CD4 T"
"3854","B"
"3855","CD4 T"
"3856","B"
"3857","other"
"3858","B"
"3859","B"
"3860","CD4 T"
"3861","B"
"3862","B"
"3863","CD4 T"
"3864","Mono"
"3865","other"
"3866","CD4 T"
"3867","CD8 T"
"3868","other"
"3869","CD4 T"
"3870","CD8 T"
"3871","CD4 T"
"3872","other"
"3873","CD8 T"
"3874","CD4 T"
"3875","B"
"3876","CD8 T"
"3877","B"
"3878","CD4 T"
"3879","CD4 T"
"3880","CD4 T"
"3881","B"
"3882","B"
"3883","other T"
"3884","CD4 T"
"3885","CD4 T"
"3886","other"
"3887","B"
"3888","B"
"3889","B"
"3890","B"
"3891","CD8 T"
"3892","B"
"3893","CD4 T"
"3894","CD4 T"
"3895","CD4 T"
"3896","B"
"3897","NK"
"3898","CD4 T"
"3899","B"
"3900","CD8 T"
"3901","other"
"3902","B"
"3903","CD4 T"
"3904","CD4 T"
"3905","other"
"3906","CD4 T"
"3907","CD8 T"
"3908","other"
"3909","B"
"3910","CD8 T"
"3911","CD8 T"
"3912","other"
"3913","B"
"3914","B"
"3915","B"
"3916","B"
"3917","B"
"3918","B"
"3919","B"
"3920","B"
"3921","NK"
"3922","CD8 T"
"3923","B"
"3924","CD4 T"
"3925","B"
"3926","B"
"3927","CD4 T"
"3928","B"
"3929","CD4 T"
"3930","B"
"3931","CD4 T"
"3932","CD4 T"
"3933","B"
"3934","CD8 T"
"3935","B"
"3936","B"
"3937","B"
"3938","B"
"3939","B"
"3940","B"
"3941","B"
"3942","CD4 T"
"3943","CD4 T"
"3944","CD4 T"
"3945","B"
"3946","CD4 T"
"3947","other"
"3948","B"
"3949","B"
"3950","B"
"3951","CD4 T"
"3952","other"
"3953","CD4 T"
"3954","CD4 T"
"3955","B"
"3956","B"
"3957","B"
"3958","Mono"
"3959","other"
"3960","B"
"3961","B"
"3962","other"
"3963","CD4 T"
"3964","Mono"
"3965","other"
"3966","CD4 T"
"3967","CD8 T"
"3968","Mono"
"3969","other"
"3970","B"
"3971","other"
"3972","other"
"3973","other"
"3974","other"
"3975","Mono"
"3976","CD8 T"
"3977","B"
"3978","other"
"3979","other"
"3980","other"
"3981","B"
"3982","CD4 T"
"3983","Mono"
"3984","Mono"
"3985","B"
"3986","other"
"3987","Mono"
"3988","other"
"3989","Mono"
"3990","other"
"3991","Mono"
"3992","other"
"3993","Mono"
"3994","other"
"3995","other"
"3996","Mono"
"3997","CD8 T"
"3998","other"
"3999","B"
"4000","other"
"4001","other"
"4002","CD4 T"
"4003","other"
"4004","Mono"
"4005","CD4 T"
"4006","other"
"4007","CD4 T"
"4008","CD4 T"
"4009","CD4 T"
"4010","CD4 T"
"4011","B"
"4012","other T"
"4013","CD4 T"
"4014","other T"
"4015","B"
"4016","CD4 T"
"4017","CD8 T"
"4018","other"
"4019","Mono"
"4020","B"
"4021","CD8 T"
"4022","B"
"4023","CD4 T"
"4024","other"
"4025","CD4 T"
"4026","CD4 T"
"4027","CD4 T"
"4028","Mono"
"4029","CD8 T"
"4030","CD4 T"
"4031","other"
"4032","NK"
"4033","CD4 T"
"4034","CD4 T"
"4035","B"
"4036","CD8 T"
"4037","other"
"4038","Mono"
"4039","other"
"4040","CD8 T"
"4041","other"
"4042","B"
"4043","CD4 T"
"4044","CD8 T"
"4045","other T"
"4046","Mono"
"4047","other T"
"4048","CD4 T"
"4049","CD8 T"
"4050","CD4 T"
"4051","CD4 T"
"4052","B"
"4053","CD4 T"
"4054","other T"
"4055","CD8 T"
"4056","B"
"4057","other"
"4058","CD8 T"
"4059","CD4 T"
"4060","other"
"4061","CD4 T"
"4062","CD4 T"
"4063","CD4 T"
"4064","CD4 T"
"4065","CD4 T"
"4066","CD4 T"
"4067","CD4 T"
"4068","CD4 T"
"4069","CD4 T"
"4070","CD8 T"
"4071","CD4 T"
"4072","other T"
"4073","CD8 T"
"4074","Mono"
"4075","other T"
"4076","CD8 T"
"4077","CD4 T"
"4078","CD4 T"
"4079","CD4 T"
"4080","CD8 T"
"4081","CD4 T"
"4082","CD8 T"
"4083","B"
"4084","CD8 T"
"4085","CD4 T"
"4086","CD4 T"
"4087","CD4 T"
"4088","CD4 T"
"4089","CD4 T"
"4090","other T"
"4091","CD4 T"
"4092","CD4 T"
"4093","CD8 T"
"4094","other T"
"4095","CD4 T"
"4096","CD8 T"
"4097","B"
"4098","Mono"
"4099","NK"
"4100","other"
"4101","CD4 T"
"4102","CD4 T"
"4103","B"
"4104","CD4 T"
"4105","CD4 T"
"4106","CD4 T"
"4107","CD4 T"
"4108","CD4 T"
"4109","CD4 T"
"4110","CD4 T"
"4111","CD8 T"
"4112","B"
"4113","other T"
"4114","CD8 T"
"4115","CD8 T"
"4116","CD4 T"
"4117","other T"
"4118","CD4 T"
"4119","CD4 T"
"4120","CD4 T"
"4121","CD4 T"
"4122","CD4 T"
"4123","other"
"4124","CD4 T"
"4125","other T"
"4126","CD4 T"
"4127","CD4 T"
"4128","B"
"4129","CD4 T"
"4130","CD4 T"
"4131","CD8 T"
"4132","CD4 T"
"4133","B"
"4134","other T"
"4135","CD4 T"
"4136","CD4 T"
"4137","CD4 T"
"4138","CD4 T"
"4139","CD4 T"
"4140","B"
"4141","NK"
"4142","other"
"4143","other"
"4144","other"
"4145","other"
"4146","CD4 T"
"4147","CD8 T"
"4148","CD4 T"
"4149","CD4 T"
"4150","CD4 T"
"4151","other"
"4152","CD4 T"
"4153","CD4 T"
"4154","CD4 T"
"4155","CD4 T"
"4156","CD4 T"
"4157","B"
"4158","Mono"
"4159","B"
"4160","CD8 T"
"4161","CD4 T"
"4162","other"
"4163","CD4 T"
"4164","CD4 T"
"4165","other"
"4166","CD4 T"
"4167","CD8 T"
"4168","CD4 T"
"4169","CD4 T"
"4170","other"
"4171","other"
"4172","CD4 T"
"4173","CD4 T"
"4174","CD4 T"
"4175","other"
"4176","CD4 T"
"4177","CD4 T"
"4178","CD4 T"
"4179","CD4 T"
"4180","CD8 T"
"4181","CD8 T"
"4182","CD4 T"
"4183","CD8 T"
"4184","B"
"4185","other"
"4186","CD8 T"
"4187","CD4 T"
"4188","CD4 T"
"4189","CD4 T"
"4190","CD4 T"
"4191","NK"
"4192","CD4 T"
"4193","CD4 T"
"4194","CD4 T"
"4195","CD4 T"
"4196","B"
"4197","CD4 T"
"4198","CD4 T"
"4199","CD4 T"
"4200","B"
"4201","CD4 T"
"4202","CD8 T"
"4203","CD8 T"
"4204","CD4 T"
"4205","CD4 T"
"4206","B"
"4207","CD4 T"
"4208","B"
"4209","CD8 T"
"4210","CD4 T"
"4211","CD8 T"
"4212","CD4 T"
"4213","CD8 T"
"4214","B"
"4215","CD4 T"
"4216","CD4 T"
"4217","B"
"4218","B"
"4219","CD4 T"
"4220","CD8 T"
"4221","other"
"4222","CD4 T"
"4223","CD4 T"
"4224","CD8 T"
"4225","CD8 T"
"4226","CD4 T"
"4227","CD4 T"
"4228","CD8 T"
"4229","other"
"4230","other"
"4231","CD4 T"
"4232","Mono"
"4233","other"
"4234","CD8 T"
"4235","CD8 T"
"4236","B"
"4237","other"
"4238","B"
"4239","CD8 T"
"4240","other T"
"4241","B"
"4242","CD8 T"
"4243","CD4 T"
"4244","CD8 T"
"4245","CD4 T"
"4246","CD4 T"
"4247","CD4 T"
"4248","CD4 T"
"4249","CD4 T"
"4250","other"
"4251","CD4 T"
"4252","CD4 T"
"4253","CD4 T"
"4254","CD4 T"
"4255","CD4 T"
"4256","Mono"
"4257","CD8 T"
"4258","CD4 T"
"4259","CD4 T"
"4260","B"
"4261","CD8 T"
"4262","CD4 T"
"4263","B"
"4264","CD4 T"
"4265","CD4 T"
"4266","CD4 T"
"4267","CD4 T"
"4268","other"
"4269","other"
"4270","CD4 T"
"4271","CD4 T"
"4272","other"
"4273","CD4 T"
"4274","other"
"4275","CD4 T"
"4276","CD8 T"
"4277","other"
"4278","CD8 T"
"4279","CD4 T"
"4280","B"
"4281","B"
"4282","CD4 T"
"4283","other"
"4284","CD8 T"
"4285","other"
"4286","CD4 T"
"4287","other T"
"4288","B"
"4289","CD4 T"
"4290","Mono"
"4291","CD8 T"
"4292","other"
"4293","CD4 T"
"4294","B"
"4295","CD4 T"
"4296","B"
"4297","B"
"4298","CD4 T"
"4299","CD8 T"
"4300","CD4 T"
"4301","B"
"4302","CD4 T"
"4303","B"
"4304","B"
"4305","CD4 T"
"4306","CD4 T"
"4307","CD4 T"
"4308","CD8 T"
"4309","CD4 T"
"4310","other T"
"4311","CD4 T"
"4312","CD4 T"
"4313","CD4 T"
"4314","Mono"
"4315","CD8 T"
"4316","CD4 T"
"4317","B"
"4318","B"
"4319","CD4 T"
"4320","CD4 T"
"4321","CD4 T"
"4322","CD8 T"
"4323","other T"
"4324","CD8 T"
"4325","CD8 T"
"4326","CD4 T"
"4327","CD8 T"
"4328","CD4 T"
"4329","CD4 T"
"4330","CD4 T"
"4331","CD4 T"
"4332","other T"
"4333","CD4 T"
"4334","CD4 T"
"4335","CD4 T"
"4336","CD8 T"
"4337","CD4 T"
"4338","B"
"4339","NK"
"4340","B"
"4341","B"
"4342","B"
"4343","B"
"4344","other"
"4345","CD4 T"
"4346","CD8 T"
"4347","other"
"4348","CD4 T"
"4349","CD8 T"
"4350","CD4 T"
"4351","CD4 T"
"4352","B"
"4353","B"
"4354","NK"
"4355","Mono"
"4356","B"
"4357","NK"
"4358","B"
"4359","CD4 T"
"4360","B"
"4361","CD4 T"
"4362","CD4 T"
"4363","CD4 T"
"4364","CD8 T"
"4365","CD4 T"
"4366","CD8 T"
"4367","CD4 T"
"4368","CD8 T"
"4369","CD4 T"
"4370","CD8 T"
"4371","NK"
"4372","Mono"
"4373","other"
"4374","CD8 T"
"4375","CD4 T"
"4376","CD4 T"
"4377","CD8 T"
"4378","CD4 T"
"4379","CD4 T"
"4380","CD4 T"
"4381","B"
"4382","CD8 T"
"4383","CD4 T"
"4384","other T"
"4385","CD4 T"
"4386","CD4 T"
"4387","CD4 T"
"4388","B"
"4389","CD8 T"
"4390","CD4 T"
"4391","CD8 T"
"4392","Mono"
"4393","CD4 T"
"4394","CD4 T"
"4395","CD8 T"
"4396","Mono"
"4397","CD4 T"
"4398","CD8 T"
"4399","CD4 T"
"4400","B"
"4401","CD4 T"
"4402","CD4 T"
"4403","CD8 T"
"4404","CD4 T"
"4405","B"
"4406","CD4 T"
"4407","B"
"4408","other"
"4409","CD8 T"
"4410","B"
"4411","CD8 T"
"4412","Mono"
"4413","CD4 T"
"4414","B"
"4415","CD4 T"
"4416","CD4 T"
"4417","other"
"4418","CD4 T"
"4419","CD8 T"
"4420","other"
"4421","B"
"4422","B"
"4423","B"
"4424","B"
"4425","B"
"4426","CD4 T"
"4427","CD4 T"
"4428","B"
"4429","B"
"4430","CD4 T"
"4431","DC"
"4432","CD8 T"
"4433","other"
"4434","B"
"4435","CD8 T"
"4436","CD4 T"
"4437","CD8 T"
"4438","B"
"4439","CD4 T"
"4440","CD4 T"
"4441","CD8 T"
"4442","NK"
"4443","CD8 T"
"4444","NK"
"4445","NK"
"4446","CD4 T"
"4447","CD4 T"
"4448","CD8 T"
"4449","CD4 T"
"4450","CD4 T"
"4451","CD4 T"
"4452","CD4 T"
"4453","CD8 T"
"4454","NK"
"4455","CD4 T"
"4456","CD4 T"
"4457","CD4 T"
"4458","CD4 T"
"4459","CD4 T"
"4460","CD4 T"
"4461","CD4 T"
"4462","B"
"4463","B"
"4464","NK"
"4465","CD4 T"
"4466","CD8 T"
"4467","CD4 T"
"4468","CD4 T"
"4469","CD4 T"
"4470","NK"
"4471","CD8 T"
"4472","CD4 T"
"4473","other"
"4474","CD8 T"
"4475","NK"
"4476","other"
"4477","CD8 T"
"4478","CD4 T"
"4479","CD8 T"
"4480","B"
"4481","CD4 T"
"4482","NK"
"4483","CD4 T"
"4484","CD4 T"
"4485","CD8 T"
"4486","CD8 T"
"4487","CD8 T"
"4488","B"
"4489","other T"
"4490","B"
"4491","CD8 T"
"4492","NK"
"4493","CD4 T"
"4494","CD4 T"
"4495","CD4 T"
"4496","CD8 T"
"4497","B"
"4498","CD4 T"
"4499","NK"
"4500","CD4 T"
"4501","CD8 T"
"4502","CD8 T"
"4503","CD8 T"
"4504","B"
"4505","CD4 T"
"4506","Mono"
"4507","CD8 T"
"4508","CD8 T"
"4509","CD4 T"
"4510","CD4 T"
"4511","CD4 T"
"4512","B"
"4513","other T"
"4514","CD4 T"
"4515","CD4 T"
"4516","CD4 T"
"4517","CD4 T"
"4518","other T"
"4519","CD4 T"
"4520","CD4 T"
"4521","CD8 T"
"4522","CD8 T"
"4523","CD4 T"
"4524","NK"
"4525","CD4 T"
"4526","CD8 T"
"4527","B"
"4528","CD4 T"
"4529","CD4 T"
"4530","Mono"
"4531","CD4 T"
"4532","CD8 T"
"4533","CD8 T"
"4534","Mono"
"4535","B"
"4536","B"
"4537","CD4 T"
"4538","CD4 T"
"4539","other"
"4540","NK"
"4541","B"
"4542","CD4 T"
"4543","CD4 T"
"4544","CD8 T"
"4545","CD4 T"
"4546","CD4 T"
"4547","CD4 T"
"4548","CD4 T"
"4549","other"
"4550","Mono"
"4551","other"
"4552","other"
"4553","CD4 T"
"4554","CD4 T"
"4555","CD4 T"
"4556","CD4 T"
"4557","CD8 T"
"4558","B"
"4559","CD8 T"
"4560","CD4 T"
"4561","NK"
"4562","B"
"4563","CD4 T"
"4564","CD4 T"
"4565","CD4 T"
"4566","CD4 T"
"4567","other"
"4568","CD8 T"
"4569","other"
"4570","CD4 T"
"4571","CD4 T"
"4572","B"
"4573","CD4 T"
"4574","CD4 T"
"4575","CD4 T"
"4576","B"
"4577","CD4 T"
"4578","other T"
"4579","CD4 T"
"4580","B"
"4581","CD4 T"
"4582","CD4 T"
"4583","CD4 T"
"4584","CD4 T"
"4585","Mono"
"4586","other"
"4587","CD4 T"
"4588","CD4 T"
"4589","CD4 T"
"4590","B"
"4591","CD4 T"
"4592","CD4 T"
"4593","CD8 T"
"4594","B"
"4595","other T"
"4596","other"
"4597","NK"
"4598","NK"
"4599","CD4 T"
"4600","CD4 T"
"4601","CD4 T"
"4602","CD4 T"
"4603","CD8 T"
"4604","other"
"4605","CD4 T"
"4606","NK"
"4607","Mono"
"4608","CD4 T"
"4609","other"
"4610","CD4 T"
"4611","CD4 T"
"4612","other T"
"4613","other"
"4614","CD4 T"
"4615","CD4 T"
"4616","B"
"4617","other"
"4618","Mono"
"4619","NK"
"4620","CD4 T"
"4621","other"
"4622","CD8 T"
"4623","other"
"4624","B"
"4625","B"
"4626","B"
"4627","CD4 T"
"4628","CD8 T"
"4629","CD4 T"
"4630","B"
"4631","CD4 T"
"4632","Mono"
"4633","CD4 T"
"4634","B"
"4635","CD4 T"
"4636","NK"
"4637","CD8 T"
"4638","CD4 T"
"4639","B"
"4640","CD4 T"
"4641","other"
"4642","other"
"4643","B"
"4644","Mono"
"4645","other T"
"4646","other"
"4647","CD8 T"
"4648","B"
"4649","CD8 T"
"4650","CD4 T"
"4651","CD4 T"
"4652","CD4 T"
"4653","CD4 T"
"4654","CD8 T"
"4655","B"
"4656","other T"
"4657","B"
"4658","Mono"
"4659","CD4 T"
"4660","other T"
"4661","Mono"
"4662","B"
"4663","CD4 T"
"4664","CD4 T"
"4665","CD4 T"
"4666","CD4 T"
"4667","B"
"4668","Mono"
"4669","CD4 T"
"4670","CD8 T"
"4671","CD4 T"
"4672","other"
"4673","NK"
"4674","CD4 T"
"4675","CD4 T"
"4676","CD4 T"
"4677","CD4 T"
"4678","CD4 T"
"4679","CD4 T"
"4680","CD4 T"
"4681","CD4 T"
"4682","NK"
"4683","CD8 T"
"4684","other"
"4685","CD8 T"
"4686","CD8 T"
"4687","CD8 T"
"4688","CD4 T"
"4689","B"
"4690","other"
"4691","CD4 T"
"4692","CD8 T"
"4693","CD4 T"
"4694","CD4 T"
"4695","other"
"4696","B"
"4697","CD8 T"
"4698","CD4 T"
"4699","CD4 T"
"4700","CD8 T"
"4701","CD4 T"
"4702","NK"
"4703","CD4 T"
"4704","CD4 T"
"4705","CD4 T"
"4706","CD8 T"
"4707","B"
"4708","CD4 T"
"4709","CD4 T"
"4710","CD4 T"
"4711","CD4 T"
"4712","NK"
"4713","B"
"4714","CD4 T"
"4715","B"
"4716","CD8 T"
"4717","CD8 T"
"4718","CD8 T"
"4719","CD4 T"
"4720","CD8 T"
"4721","CD4 T"
"4722","CD8 T"
"4723","CD4 T"
"4724","CD4 T"
"4725","CD4 T"
"4726","other T"
"4727","B"
"4728","CD4 T"
"4729","CD4 T"
"4730","B"
"4731","CD4 T"
"4732","CD8 T"
"4733","CD4 T"
"4734","other"
"4735","CD4 T"
"4736","CD4 T"
"4737","B"
"4738","CD4 T"
"4739","CD4 T"
"4740","other"
"4741","CD4 T"
"4742","NK"
"4743","CD8 T"
"4744","CD4 T"
"4745","CD4 T"
"4746","CD4 T"
"4747","B"
"4748","NK"
"4749","B"
"4750","B"
"4751","other"
"4752","CD4 T"
"4753","CD4 T"
"4754","CD8 T"
"4755","CD4 T"
"4756","CD8 T"
"4757","CD4 T"
"4758","NK"
"4759","CD4 T"
"4760","CD4 T"
"4761","CD8 T"
"4762","other T"
"4763","CD4 T"
"4764","other"
"4765","B"
"4766","B"
"4767","CD4 T"
"4768","B"
"4769","CD8 T"
"4770","Mono"
"4771","Mono"
"4772","CD4 T"
"4773","B"
"4774","CD4 T"
"4775","CD4 T"
"4776","B"
"4777","CD4 T"
"4778","B"
"4779","other T"
"4780","CD4 T"
"4781","CD4 T"
"4782","CD8 T"
"4783","CD8 T"
"4784","CD4 T"
"4785","other"
"4786","CD8 T"
"4787","CD4 T"
"4788","B"
"4789","CD8 T"
"4790","CD4 T"
"4791","NK"
"4792","Mono"
"4793","CD4 T"
"4794","B"
"4795","other T"
"4796","CD8 T"
"4797","CD4 T"
"4798","CD8 T"
"4799","CD8 T"
"4800","B"
"4801","CD4 T"
"4802","other"
"4803","NK"
"4804","CD4 T"
"4805","CD4 T"
"4806","B"
"4807","CD8 T"
"4808","CD8 T"
"4809","other"
"4810","CD4 T"
"4811","NK"
"4812","CD4 T"
"4813","B"
"4814","CD4 T"
"4815","B"
"4816","other"
"4817","CD8 T"
"4818","CD4 T"
"4819","B"
"4820","CD4 T"
"4821","CD8 T"
"4822","other T"
"4823","CD4 T"
"4824","CD4 T"
"4825","CD4 T"
"4826","CD4 T"
"4827","CD8 T"
"4828","CD4 T"
"4829","CD4 T"
"4830","CD4 T"
"4831","CD4 T"
"4832","B"
"4833","CD4 T"
"4834","CD4 T"
"4835","CD8 T"
"4836","Mono"
"4837","CD4 T"
"4838","B"
"4839","CD4 T"
"4840","CD4 T"
"4841","CD4 T"
"4842","CD4 T"
"4843","CD4 T"
"4844","other"
"4845","CD4 T"
"4846","CD4 T"
"4847","B"
"4848","B"
"4849","NK"
"4850","CD4 T"
"4851","CD4 T"
"4852","B"
"4853","other"
"4854","CD4 T"
"4855","other"
"4856","CD8 T"
"4857","B"
"4858","other"
"4859","other"
"4860","CD4 T"
"4861","other"
"4862","CD4 T"
"4863","CD4 T"
"4864","CD4 T"
"4865","CD4 T"
"4866","CD4 T"
"4867","CD4 T"
"4868","CD4 T"
"4869","B"
"4870","CD4 T"
"4871","CD4 T"
"4872","CD8 T"
"4873","other"
"4874","B"
"4875","B"
"4876","NK"
"4877","CD4 T"
"4878","CD4 T"
"4879","CD4 T"
"4880","CD8 T"
"4881","B"
"4882","other T"
"4883","B"
"4884","other"
"4885","other"
"4886","CD4 T"
"4887","CD8 T"
"4888","CD4 T"
"4889","other T"
"4890","B"
"4891","CD4 T"
"4892","other"
"4893","CD4 T"
"4894","CD4 T"
"4895","CD8 T"
"4896","NK"
"4897","other"
"4898","CD8 T"
"4899","CD8 T"
"4900","CD4 T"
"4901","other"
"4902","CD4 T"
"4903","CD4 T"
"4904","other T"
"4905","B"
"4906","CD4 T"
"4907","other"
"4908","CD4 T"
"4909","CD8 T"
"4910","Mono"
"4911","CD4 T"
"4912","other"
"4913","B"
"4914","CD4 T"
"4915","CD4 T"
"4916","CD4 T"
"4917","other"
"4918","other T"
"4919","Mono"
"4920","B"
"4921","B"
"4922","other"
"4923","CD4 T"
"4924","CD8 T"
"4925","CD8 T"
"4926","CD4 T"
"4927","B"
"4928","other T"
"4929","other"
"4930","other"
"4931","B"
"4932","other T"
"4933","CD4 T"
"4934","CD4 T"
"4935","other"
"4936","CD8 T"
"4937","CD4 T"
"4938","CD4 T"
"4939","B"
"4940","CD4 T"
"4941","CD4 T"
"4942","CD8 T"
"4943","CD4 T"
"4944","CD4 T"
"4945","other"
"4946","B"
"4947","CD4 T"
"4948","CD4 T"
"4949","CD4 T"
"4950","other"
"4951","CD4 T"
"4952","other T"
"4953","CD8 T"
"4954","CD4 T"
"4955","B"
"4956","B"
"4957","NK"
"4958","other"
"4959","other"
"4960","other"
"4961","Mono"
"4962","CD8 T"
"4963","CD4 T"
"4964","CD4 T"
"4965","CD8 T"
"4966","CD4 T"
"4967","Mono"
"4968","CD4 T"
"4969","CD8 T"
"4970","CD4 T"
"4971","CD4 T"
"4972","CD4 T"
"4973","CD4 T"
"4974","B"
"4975","B"
"4976","CD4 T"
"4977","CD4 T"
"4978","B"
"4979","CD4 T"
"4980","CD4 T"
"4981","B"
"4982","CD4 T"
"4983","CD4 T"
"4984","CD4 T"
"4985","CD4 T"
"4986","B"
"4987","CD4 T"
"4988","CD4 T"
"4989","CD4 T"
"4990","other"
"4991","CD8 T"
"4992","Mono"
"4993","CD4 T"
"4994","CD4 T"
"4995","B"
"4996","CD8 T"
"4997","B"
"4998","CD8 T"
"4999","CD4 T"
"5000","CD4 T"
"5001","other"
"5002","CD4 T"
"5003","CD4 T"
"5004","CD4 T"
"5005","CD8 T"
"5006","Mono"
"5007","CD4 T"
"5008","other"
"5009","CD4 T"
"5010","CD4 T"
"5011","CD4 T"
"5012","CD4 T"
"5013","CD4 T"
"5014","CD4 T"
"5015","CD4 T"
"5016","CD4 T"
"5017","other"
"5018","other"
"5019","CD8 T"
"5020","CD4 T"
"5021","other"
"5022","CD4 T"
"5023","CD8 T"
"5024","CD4 T"
"5025","B"
"5026","CD8 T"
"5027","CD4 T"
"5028","CD8 T"
"5029","CD4 T"
"5030","CD4 T"
"5031","CD8 T"
"5032","Mono"
"5033","CD4 T"
"5034","B"
"5035","CD8 T"
"5036","Mono"
"5037","other"
"5038","other"
"5039","CD8 T"
"5040","Mono"
"5041","B"
"5042","CD4 T"
"5043","other"
"5044","CD4 T"
"5045","B"
"5046","CD4 T"
"5047","DC"
"5048","B"
"5049","CD4 T"
"5050","CD4 T"
"5051","CD4 T"
"5052","other T"
"5053","CD4 T"
"5054","B"
"5055","B"
"5056","other"
"5057","CD4 T"
"5058","B"
"5059","CD4 T"
"5060","other"
"5061","CD8 T"
"5062","B"
"5063","Mono"
"5064","CD4 T"
"5065","CD4 T"
"5066","CD8 T"
"5067","CD4 T"
"5068","NK"
"5069","CD4 T"
"5070","Mono"
"5071","CD4 T"
"5072","other"
"5073","CD8 T"
"5074","CD4 T"
"5075","CD8 T"
"5076","NK"
"5077","CD4 T"
"5078","CD4 T"
"5079","B"
"5080","CD4 T"
"5081","B"
"5082","CD4 T"
"5083","B"
"5084","CD4 T"
"5085","B"
"5086","CD4 T"
"5087","CD4 T"
"5088","CD8 T"
"5089","other"
"5090","CD8 T"
"5091","CD8 T"
"5092","CD8 T"
"5093","B"
"5094","CD8 T"
"5095","CD4 T"
"5096","CD4 T"
"5097","other"
"5098","B"
"5099","CD8 T"
"5100","B"
"5101","B"
"5102","CD4 T"
"5103","CD4 T"
"5104","NK"
"5105","NK"
"5106","B"
"5107","B"
"5108","CD4 T"
"5109","B"
"5110","CD4 T"
"5111","B"
"5112","CD4 T"
"5113","CD4 T"
"5114","CD4 T"
"5115","CD8 T"
"5116","CD8 T"
"5117","CD8 T"
"5118","NK"
"5119","other"
"5120","CD4 T"
"5121","CD8 T"
"5122","CD8 T"
"5123","B"
"5124","CD8 T"
"5125","NK"
"5126","CD4 T"
"5127","CD4 T"
"5128","NK"
"5129","CD4 T"
"5130","B"
"5131","B"
"5132","other"
"5133","B"
"5134","CD4 T"
"5135","other"
"5136","B"
"5137","B"
"5138","CD4 T"
"5139","CD8 T"
"5140","NK"
"5141","CD4 T"
"5142","CD4 T"
"5143","CD4 T"
"5144","CD8 T"
"5145","NK"
"5146","CD8 T"
"5147","CD4 T"
"5148","CD8 T"
"5149","CD4 T"
"5150","CD4 T"
"5151","CD4 T"
"5152","NK"
"5153","NK"
"5154","other"
"5155","CD4 T"
"5156","CD8 T"
"5157","B"
"5158","CD4 T"
"5159","B"
"5160","B"
"5161","CD4 T"
"5162","CD4 T"
"5163","B"
"5164","CD4 T"
"5165","NK"
"5166","B"
"5167","CD4 T"
"5168","CD8 T"
"5169","CD8 T"
"5170","CD4 T"
"5171","CD4 T"
"5172","B"
"5173","CD8 T"
"5174","CD8 T"
"5175","CD4 T"
"5176","CD4 T"
"5177","NK"
"5178","other"
"5179","CD4 T"
"5180","other T"
"5181","CD8 T"
"5182","CD4 T"
"5183","Mono"
"5184","CD4 T"
"5185","B"
"5186","CD4 T"
"5187","CD4 T"
"5188","CD4 T"
"5189","other"
"5190","CD4 T"
"5191","CD4 T"
"5192","CD4 T"
"5193","other"
"5194","CD8 T"
"5195","CD4 T"
"5196","CD4 T"
"5197","CD8 T"
"5198","CD8 T"
"5199","CD4 T"
"5200","other"
"5201","NK"
"5202","CD8 T"
"5203","other"
"5204","Mono"
"5205","CD4 T"
"5206","CD8 T"
"5207","B"
"5208","Mono"
"5209","B"
"5210","other"
"5211","CD4 T"
"5212","CD4 T"
"5213","CD4 T"
"5214","CD4 T"
"5215","CD4 T"
"5216","B"
"5217","CD8 T"
"5218","B"
"5219","CD4 T"
"5220","CD4 T"
"5221","B"
"5222","CD4 T"
"5223","other"
"5224","other"
"5225","other"
"5226","B"
"5227","other"
"5228","Mono"
"5229","B"
"5230","CD4 T"
"5231","other"
"5232","B"
"5233","CD4 T"
"5234","other"
"5235","CD4 T"
"5236","NK"
"5237","Mono"
"5238","B"
"5239","Mono"
"5240","CD4 T"
"5241","Mono"
"5242","other T"
"5243","CD4 T"
"5244","CD4 T"
"5245","other T"
"5246","NK"
"5247","other"
"5248","CD4 T"
"5249","B"
"5250","other"
"5251","CD8 T"
"5252","other"
"5253","CD4 T"
"5254","DC"
"5255","B"
"5256","B"
"5257","B"
"5258","other"
"5259","other"
"5260","CD8 T"
"5261","CD4 T"
"5262","Mono"
"5263","B"
"5264","other"
"5265","Mono"
"5266","CD4 T"
"5267","CD4 T"
"5268","CD8 T"
"5269","Mono"
"5270","DC"
"5271","B"
"5272","CD4 T"
"5273","CD8 T"
"5274","CD4 T"
"5275","B"
"5276","B"
"5277","CD4 T"
"5278","Mono"
"5279","other"
"5280","CD4 T"
"5281","B"
"5282","CD4 T"
"5283","CD8 T"
"5284","B"
"5285","CD4 T"
"5286","CD4 T"
"5287","CD8 T"
"5288","CD4 T"
"5289","CD4 T"
"5290","CD4 T"
"5291","CD4 T"
"5292","other"
"5293","CD8 T"
"5294","other"
"5295","other T"
"5296","other"
"5297","B"
"5298","CD8 T"
"5299","B"
"5300","CD4 T"
"5301","B"
"5302","CD4 T"
"5303","other T"
"5304","CD4 T"
"5305","other T"
"5306","CD4 T"
"5307","CD4 T"
"5308","B"
"5309","other"
"5310","B"
"5311","CD8 T"
"5312","other T"
"5313","CD4 T"
"5314","CD4 T"
"5315","CD4 T"
"5316","other T"
"5317","B"
"5318","CD4 T"
"5319","B"
"5320","B"
"5321","CD8 T"
"5322","CD4 T"
"5323","CD4 T"
"5324","CD4 T"
"5325","CD4 T"
"5326","B"
"5327","B"
"5328","CD4 T"
"5329","CD4 T"
"5330","B"
"5331","B"
"5332","CD4 T"
"5333","CD4 T"
"5334","CD4 T"
"5335","other"
"5336","B"
"5337","other"
"5338","CD4 T"
"5339","Mono"
"5340","CD8 T"
"5341","CD4 T"
"5342","NK"
"5343","other"
"5344","NK"
"5345","other T"
"5346","CD8 T"
"5347","B"
"5348","B"
"5349","CD4 T"
"5350","B"
"5351","CD4 T"
"5352","CD8 T"
"5353","CD8 T"
"5354","CD4 T"
"5355","B"
"5356","B"
"5357","CD4 T"
"5358","CD8 T"
"5359","NK"
"5360","CD4 T"
"5361","CD4 T"
"5362","other"
"5363","CD4 T"
"5364","CD4 T"
"5365","CD8 T"
"5366","CD4 T"
"5367","B"
"5368","CD8 T"
"5369","B"
"5370","CD8 T"
"5371","CD4 T"
"5372","other"
"5373","B"
"5374","CD4 T"
"5375","other"
"5376","CD4 T"
"5377","CD4 T"
"5378","CD8 T"
"5379","CD4 T"
"5380","CD8 T"
"5381","CD8 T"
"5382","CD4 T"
"5383","CD8 T"
"5384","B"
"5385","other T"
"5386","CD4 T"
"5387","CD4 T"
"5388","CD4 T"
"5389","CD4 T"
"5390","B"
"5391","Mono"
"5392","B"
"5393","other"
"5394","Mono"
"5395","NK"
"5396","other"
"5397","Mono"
"5398","Mono"
"5399","CD4 T"
"5400","CD8 T"
"5401","CD4 T"
"5402","CD4 T"
"5403","NK"
"5404","other"
"5405","other"
"5406","CD4 T"
"5407","B"
"5408","B"
"5409","CD4 T"
"5410","other"
"5411","CD8 T"
"5412","B"
"5413","CD4 T"
"5414","CD4 T"
"5415","Mono"
"5416","Mono"
"5417","CD4 T"
"5418","other T"
"5419","other"
"5420","B"
"5421","B"
"5422","CD8 T"
"5423","CD4 T"
"5424","CD4 T"
"5425","CD4 T"
"5426","CD4 T"
"5427","CD4 T"
"5428","CD4 T"
"5429","CD4 T"
"5430","CD4 T"
"5431","CD4 T"
"5432","CD4 T"
"5433","CD4 T"
"5434","CD4 T"
"5435","B"
"5436","B"
"5437","CD4 T"
"5438","CD4 T"
"5439","CD4 T"
"5440","CD4 T"
"5441","NK"
"5442","CD8 T"
"5443","CD8 T"
"5444","CD4 T"
"5445","other"
"5446","CD8 T"
"5447","CD4 T"
"5448","CD4 T"
"5449","CD4 T"
"5450","CD4 T"
"5451","Mono"
"5452","CD4 T"
"5453","other"
"5454","B"
"5455","other"
"5456","B"
"5457","B"
"5458","NK"
"5459","CD4 T"
"5460","other T"
"5461","CD4 T"
"5462","CD4 T"
"5463","CD4 T"
"5464","CD8 T"
"5465","NK"
"5466","CD4 T"
"5467","CD8 T"
"5468","B"
"5469","CD4 T"
"5470","CD4 T"
"5471","B"
"5472","CD8 T"
"5473","CD4 T"
"5474","CD8 T"
"5475","CD8 T"
"5476","CD4 T"
"5477","Mono"
"5478","CD8 T"
"5479","NK"
"5480","B"
"5481","CD4 T"
"5482","CD4 T"
"5483","CD4 T"
"5484","CD4 T"
"5485","CD4 T"
"5486","CD8 T"
"5487","CD4 T"
"5488","CD4 T"
"5489","B"
"5490","CD8 T"
"5491","CD4 T"
"5492","B"
"5493","B"
"5494","B"
"5495","B"
"5496","CD4 T"
"5497","CD4 T"
"5498","B"
"5499","CD4 T"
"5500","CD4 T"
"5501","CD8 T"
"5502","B"
"5503","other"
"5504","NK"
"5505","other"
"5506","CD4 T"
"5507","NK"
"5508","CD4 T"
"5509","B"
"5510","CD8 T"
"5511","CD8 T"
"5512","CD4 T"
"5513","CD4 T"
"5514","B"
"5515","CD4 T"
"5516","CD8 T"
"5517","B"
"5518","other"
"5519","CD8 T"
"5520","CD4 T"
"5521","CD4 T"
"5522","CD8 T"
"5523","CD4 T"
"5524","B"
"5525","CD8 T"
"5526","B"
"5527","other"
"5528","CD4 T"
"5529","CD4 T"
"5530","CD4 T"
"5531","CD4 T"
"5532","NK"
"5533","B"
"5534","CD4 T"
"5535","CD4 T"
"5536","CD8 T"
"5537","CD8 T"
"5538","NK"
"5539","CD4 T"
"5540","CD8 T"
"5541","CD4 T"
"5542","CD4 T"
"5543","other T"
"5544","CD4 T"
"5545","B"
"5546","CD4 T"
"5547","CD8 T"
"5548","CD4 T"
"5549","CD4 T"
"5550","CD8 T"
"5551","CD8 T"
"5552","CD8 T"
"5553","other T"
"5554","CD4 T"
"5555","other T"
"5556","CD4 T"
"5557","CD4 T"
"5558","NK"
"5559","CD8 T"
"5560","CD8 T"
"5561","B"
"5562","NK"
"5563","NK"
"5564","B"
"5565","CD4 T"
"5566","CD4 T"
"5567","other"
"5568","CD4 T"
"5569","CD8 T"
"5570","B"
"5571","other"
"5572","CD8 T"
"5573","CD8 T"
"5574","CD8 T"
"5575","other"
"5576","other"
"5577","CD4 T"
"5578","B"
"5579","CD8 T"
"5580","CD4 T"
"5581","CD4 T"
"5582","CD4 T"
"5583","CD4 T"
"5584","CD4 T"
"5585","CD8 T"
"5586","CD4 T"
"5587","B"
"5588","B"
"5589","CD8 T"
"5590","B"
"5591","B"
"5592","other T"
"5593","CD4 T"
"5594","CD8 T"
"5595","CD4 T"
"5596","CD4 T"
"5597","CD8 T"
"5598","other T"
"5599","CD4 T"
"5600","CD8 T"
"5601","CD4 T"
"5602","CD8 T"
"5603","CD4 T"
"5604","CD8 T"
"5605","CD8 T"
"5606","CD4 T"
"5607","NK"
"5608","CD4 T"
"5609","CD4 T"
"5610","CD4 T"
"5611","B"
"5612","CD4 T"
"5613","CD4 T"
"5614","CD4 T"
"5615","B"
"5616","CD4 T"
"5617","B"
"5618","B"
"5619","B"
"5620","B"
"5621","CD8 T"
"5622","NK"
"5623","B"
"5624","CD4 T"
"5625","CD4 T"
"5626","B"
"5627","CD8 T"
"5628","CD4 T"
"5629","CD4 T"
"5630","B"
"5631","CD4 T"
"5632","CD4 T"
"5633","CD4 T"
"5634","CD8 T"
"5635","CD4 T"
"5636","CD8 T"
"5637","CD4 T"
"5638","CD4 T"
"5639","other T"
"5640","CD4 T"
"5641","CD8 T"
"5642","CD8 T"
"5643","CD8 T"
"5644","CD4 T"
"5645","other T"
"5646","CD8 T"
"5647","CD4 T"
"5648","CD4 T"
"5649","CD4 T"
"5650","CD4 T"
"5651","other"
"5652","CD4 T"
"5653","CD4 T"
"5654","NK"
"5655","CD4 T"
"5656","CD4 T"
"5657","CD4 T"
"5658","CD4 T"
"5659","CD4 T"
"5660","CD4 T"
"5661","CD4 T"
"5662","NK"
"5663","CD4 T"
"5664","other"
"5665","CD4 T"
"5666","NK"
"5667","CD4 T"
"5668","CD8 T"
"5669","CD4 T"
"5670","NK"
"5671","CD4 T"
"5672","CD4 T"
"5673","CD8 T"
"5674","CD8 T"
"5675","NK"
"5676","CD4 T"
"5677","B"
"5678","B"
"5679","CD4 T"
"5680","CD4 T"
"5681","CD4 T"
"5682","other"
"5683","NK"
"5684","CD8 T"
"5685","CD8 T"
"5686","CD4 T"
"5687","CD4 T"
"5688","B"
"5689","CD4 T"
"5690","CD4 T"
"5691","CD4 T"
"5692","CD4 T"
"5693","CD4 T"
"5694","CD4 T"
"5695","CD4 T"
"5696","CD8 T"
"5697","CD4 T"
"5698","NK"
"5699","CD4 T"
"5700","CD4 T"
"5701","CD8 T"
"5702","CD4 T"
"5703","CD4 T"
"5704","CD4 T"
"5705","CD4 T"
"5706","B"
"5707","CD8 T"
"5708","CD8 T"
"5709","CD4 T"
"5710","CD8 T"
"5711","CD8 T"
"5712","CD4 T"
"5713","CD4 T"
"5714","CD8 T"
"5715","other"
"5716","Mono"
"5717","CD8 T"
"5718","CD4 T"
"5719","CD4 T"
"5720","Mono"
"5721","CD4 T"
"5722","CD4 T"
"5723","CD4 T"
"5724","CD4 T"
"5725","other"
"5726","CD8 T"
"5727","Mono"
"5728","CD4 T"
"5729","other"
"5730","CD4 T"
"5731","CD8 T"
"5732","other"
"5733","B"
"5734","CD8 T"
"5735","CD8 T"
"5736","CD8 T"
"5737","CD4 T"
"5738","CD4 T"
"5739","CD4 T"
"5740","other"
"5741","CD4 T"
"5742","CD4 T"
"5743","B"
"5744","NK"
"5745","CD4 T"
"5746","other"
"5747","CD4 T"
"5748","CD4 T"
"5749","CD4 T"
"5750","CD4 T"
"5751","CD8 T"
"5752","CD4 T"
"5753","CD4 T"
"5754","CD8 T"
"5755","CD4 T"
"5756","CD8 T"
"5757","B"
"5758","CD4 T"
"5759","CD4 T"
"5760","CD4 T"
"5761","CD4 T"
"5762","CD4 T"
"5763","CD8 T"
"5764","CD8 T"
"5765","CD8 T"
"5766","other"
"5767","CD4 T"
"5768","CD4 T"
"5769","NK"
"5770","CD4 T"
"5771","other"
"5772","CD4 T"
"5773","CD4 T"
"5774","NK"
"5775","CD8 T"
"5776","CD8 T"
"5777","NK"
"5778","CD4 T"
"5779","B"
"5780","B"
"5781","B"
"5782","Mono"
"5783","NK"
"5784","CD4 T"
"5785","CD4 T"
"5786","CD4 T"
"5787","CD4 T"
"5788","B"
"5789","NK"
"5790","CD4 T"
"5791","CD4 T"
"5792","CD4 T"
"5793","CD4 T"
"5794","B"
"5795","CD8 T"
"5796","B"
"5797","other"
"5798","CD8 T"
"5799","B"
"5800","CD8 T"
"5801","other"
"5802","CD4 T"
"5803","Mono"
"5804","CD8 T"
"5805","B"
"5806","NK"
"5807","CD8 T"
"5808","CD4 T"
"5809","NK"
"5810","CD4 T"
"5811","other"
"5812","B"
"5813","B"
"5814","CD4 T"
"5815","CD4 T"
"5816","CD4 T"
"5817","CD4 T"
"5818","CD4 T"
"5819","CD8 T"
"5820","B"
"5821","B"
"5822","B"
"5823","other"
"5824","other T"
"5825","NK"
"5826","NK"
"5827","NK"
"5828","CD4 T"
"5829","B"
"5830","NK"
"5831","CD8 T"
"5832","CD4 T"
"5833","B"
"5834","B"
"5835","B"
"5836","other"
"5837","CD8 T"
"5838","CD8 T"
"5839","CD8 T"
"5840","CD4 T"
"5841","NK"
"5842","other"
"5843","other"
"5844","CD8 T"
"5845","CD4 T"
"5846","CD8 T"
"5847","CD4 T"
"5848","CD4 T"
"5849","CD8 T"
"5850","CD4 T"
"5851","other"
"5852","CD4 T"
"5853","CD8 T"
"5854","CD8 T"
"5855","NK"
"5856","CD4 T"
"5857","CD4 T"
"5858","B"
"5859","B"
"5860","B"
"5861","CD4 T"
"5862","CD8 T"
"5863","CD4 T"
"5864","CD4 T"
"5865","CD4 T"
"5866","CD4 T"
"5867","CD8 T"
"5868","CD8 T"
"5869","CD8 T"
"5870","CD4 T"
"5871","CD4 T"
"5872","CD8 T"
"5873","CD4 T"
"5874","CD4 T"
"5875","B"
"5876","Mono"
"5877","other"
"5878","CD4 T"
"5879","CD8 T"
"5880","CD4 T"
"5881","CD4 T"
"5882","CD4 T"
"5883","CD8 T"
"5884","other T"
"5885","CD4 T"
"5886","CD4 T"
"5887","other"
"5888","B"
"5889","CD8 T"
"5890","CD4 T"
"5891","CD4 T"
"5892","CD4 T"
"5893","CD4 T"
"5894","CD8 T"
"5895","CD8 T"
"5896","CD4 T"
"5897","CD4 T"
"5898","CD4 T"
"5899","B"
"5900","other"
"5901","CD8 T"
"5902","NK"
"5903","CD4 T"
"5904","CD8 T"
"5905","B"
"5906","other"
"5907","other"
"5908","CD4 T"
"5909","B"
"5910","CD8 T"
"5911","CD8 T"
"5912","other"
"5913","CD4 T"
"5914","CD4 T"
"5915","CD4 T"
"5916","CD4 T"
"5917","CD4 T"
"5918","CD4 T"
"5919","CD4 T"
"5920","B"
"5921","CD4 T"
"5922","CD4 T"
"5923","NK"
"5924","CD8 T"
"5925","CD8 T"
"5926","B"
"5927","CD4 T"
"5928","B"
"5929","CD8 T"
"5930","CD4 T"
"5931","B"
"5932","CD4 T"
"5933","B"
"5934","CD8 T"
"5935","CD4 T"
"5936","CD4 T"
"5937","B"
"5938","CD4 T"
"5939","CD8 T"
"5940","CD4 T"
"5941","CD4 T"
"5942","CD4 T"
"5943","B"
"5944","CD4 T"
"5945","CD4 T"
"5946","CD8 T"
"5947","other"
"5948","CD4 T"
"5949","CD4 T"
"5950","CD8 T"
"5951","NK"
"5952","B"
"5953","CD4 T"
"5954","B"
"5955","B"
"5956","B"
"5957","CD4 T"
"5958","CD4 T"
"5959","CD4 T"
"5960","NK"
"5961","B"
"5962","CD8 T"
"5963","CD4 T"
"5964","B"
"5965","CD4 T"
"5966","CD8 T"
"5967","CD4 T"
"5968","CD4 T"
"5969","B"
"5970","CD4 T"
"5971","CD4 T"
"5972","other"
"5973","CD4 T"
"5974","B"
"5975","other"
"5976","CD8 T"
"5977","CD4 T"
"5978","CD4 T"
"5979","CD4 T"
"5980","B"
"5981","CD8 T"
"5982","B"
"5983","CD4 T"
"5984","Mono"
"5985","B"
"5986","CD4 T"
"5987","B"
"5988","CD4 T"
"5989","CD4 T"
"5990","B"
"5991","CD4 T"
"5992","CD4 T"
"5993","CD4 T"
"5994","CD4 T"
"5995","CD4 T"
"5996","B"
"5997","CD4 T"
"5998","CD8 T"
"5999","CD4 T"
"6000","B"
"6001","B"
"6002","other T"
"6003","B"
"6004","B"
"6005","other"
"6006","B"
"6007","CD4 T"
"6008","B"
"6009","CD8 T"
"6010","B"
"6011","CD4 T"
"6012","CD8 T"
"6013","B"
"6014","CD4 T"
"6015","CD4 T"
"6016","NK"
"6017","B"
"6018","CD8 T"
"6019","B"
"6020","B"
"6021","CD4 T"
"6022","CD4 T"
"6023","CD4 T"
"6024","CD8 T"
"6025","CD8 T"
"6026","B"
"6027","CD4 T"
"6028","CD4 T"
"6029","CD8 T"
"6030","CD4 T"
"6031","CD4 T"
"6032","CD8 T"
"6033","CD8 T"
"6034","CD4 T"
"6035","B"
"6036","CD4 T"
"6037","B"
"6038","B"
"6039","other"
"6040","CD4 T"
"6041","B"
"6042","B"
"6043","CD4 T"
"6044","CD4 T"
"6045","B"
"6046","B"
"6047","CD4 T"
"6048","other"
"6049","other T"
"6050","B"
"6051","CD8 T"
"6052","CD4 T"
"6053","B"
"6054","CD8 T"
"6055","CD8 T"
"6056","CD8 T"
"6057","CD8 T"
"6058","CD4 T"
"6059","B"
"6060","CD4 T"
"6061","CD4 T"
"6062","B"
"6063","B"
"6064","CD4 T"
"6065","CD4 T"
"6066","CD4 T"
"6067","CD4 T"
"6068","CD4 T"
"6069","B"
"6070","B"
"6071","other"
"6072","CD4 T"
"6073","CD4 T"
"6074","other"
"6075","B"
"6076","other"
"6077","other"
"6078","CD4 T"
"6079","CD8 T"
"6080","CD4 T"
"6081","B"
"6082","CD4 T"
"6083","B"
"6084","CD4 T"
"6085","CD4 T"
"6086","CD8 T"
"6087","B"
"6088","CD8 T"
"6089","CD4 T"
"6090","CD4 T"
"6091","CD4 T"
"6092","other"
"6093","CD4 T"
"6094","CD4 T"
"6095","other"
"6096","CD8 T"
"6097","CD4 T"
"6098","CD4 T"
"6099","CD4 T"
"6100","other"
"6101","CD4 T"
"6102","Mono"
"6103","Mono"
"6104","other"
"6105","CD8 T"
"6106","B"
"6107","other"
"6108","CD4 T"
"6109","CD4 T"
"6110","CD8 T"
"6111","CD8 T"
"6112","CD4 T"
"6113","NK"
"6114","CD4 T"
"6115","CD4 T"
"6116","CD4 T"
"6117","CD4 T"
"6118","CD4 T"
"6119","CD4 T"
"6120","CD4 T"
"6121","CD4 T"
"6122","CD8 T"
"6123","CD8 T"
"6124","B"
"6125","CD4 T"
"6126","CD4 T"
"6127","CD4 T"
"6128","CD4 T"
"6129","CD8 T"
"6130","CD4 T"
"6131","B"
"6132","CD4 T"
"6133","CD4 T"
"6134","CD4 T"
"6135","CD8 T"
"6136","CD4 T"
"6137","B"
"6138","CD8 T"
"6139","other"
"6140","CD4 T"
"6141","CD8 T"
"6142","CD4 T"
"6143","CD4 T"
"6144","CD4 T"
"6145","CD4 T"
"6146","NK"
"6147","CD4 T"
"6148","CD4 T"
"6149","CD8 T"
"6150","CD4 T"
"6151","NK"
"6152","CD4 T"
"6153","CD8 T"
"6154","CD4 T"
"6155","CD4 T"
"6156","CD4 T"
"6157","CD4 T"
"6158","CD4 T"
"6159","CD4 T"
"6160","CD4 T"
"6161","CD8 T"
"6162","CD4 T"
"6163","CD4 T"
"6164","NK"
"6165","CD4 T"
"6166","CD4 T"
"6167","CD4 T"
"6168","CD4 T"
"6169","CD4 T"
"6170","other"
"6171","CD4 T"
"6172","CD8 T"
"6173","CD4 T"
"6174","CD4 T"
"6175","NK"
"6176","CD8 T"
"6177","CD4 T"
"6178","CD8 T"
"6179","CD8 T"
"6180","CD4 T"
"6181","CD4 T"
"6182","CD4 T"
"6183","CD8 T"
"6184","CD4 T"
"6185","CD4 T"
"6186","CD4 T"
"6187","CD4 T"
"6188","CD4 T"
"6189","CD8 T"
"6190","CD4 T"
"6191","CD4 T"
"6192","CD4 T"
"6193","Mono"
"6194","Mono"
"6195","CD4 T"
"6196","NK"
"6197","CD4 T"
"6198","CD4 T"
"6199","CD4 T"
"6200","CD4 T"
"6201","CD4 T"
"6202","CD4 T"
"6203","CD4 T"
"6204","CD4 T"
"6205","CD4 T"
"6206","CD4 T"
"6207","B"
"6208","CD8 T"
"6209","CD4 T"
"6210","CD4 T"
"6211","CD8 T"
"6212","CD4 T"
"6213","CD8 T"
"6214","CD4 T"
"6215","CD8 T"
"6216","CD8 T"
"6217","CD4 T"
"6218","CD4 T"
"6219","CD4 T"
"6220","CD4 T"
"6221","CD4 T"
"6222","CD4 T"
"6223","CD4 T"
"6224","other"
"6225","CD8 T"
"6226","CD4 T"
"6227","CD4 T"
"6228","CD4 T"
"6229","CD4 T"
"6230","CD8 T"
"6231","CD4 T"
"6232","CD8 T"
"6233","CD4 T"
"6234","CD8 T"
"6235","CD4 T"
"6236","CD4 T"
"6237","CD8 T"
"6238","CD4 T"
"6239","CD4 T"
"6240","CD4 T"
"6241","CD4 T"
"6242","CD4 T"
"6243","CD4 T"
"6244","CD8 T"
"6245","CD4 T"
"6246","CD4 T"
"6247","other"
"6248","other"
"6249","CD4 T"
"6250","CD4 T"
"6251","CD8 T"
"6252","other"
"6253","B"
"6254","CD4 T"
"6255","Mono"
"6256","CD4 T"
"6257","CD4 T"
"6258","CD4 T"
"6259","NK"
"6260","CD8 T"
"6261","CD4 T"
"6262","other"
"6263","CD8 T"
"6264","CD8 T"
"6265","CD4 T"
"6266","B"
"6267","CD4 T"
"6268","CD8 T"
"6269","CD4 T"
"6270","CD4 T"
"6271","CD8 T"
"6272","CD4 T"
"6273","CD4 T"
"6274","B"
"6275","CD4 T"
"6276","CD4 T"
"6277","CD8 T"
"6278","CD8 T"
"6279","CD4 T"
"6280","other"
"6281","CD4 T"
"6282","CD4 T"
"6283","other"
"6284","CD8 T"
"6285","CD4 T"
"6286","CD8 T"
"6287","CD8 T"
"6288","B"
"6289","CD8 T"
"6290","CD8 T"
"6291","other"
"6292","CD8 T"
"6293","CD4 T"
"6294","B"
"6295","Mono"
"6296","B"
"6297","CD8 T"
"6298","CD4 T"
"6299","CD4 T"
"6300","CD8 T"
"6301","CD8 T"
"6302","CD4 T"
"6303","CD4 T"
"6304","CD4 T"
"6305","CD8 T"
"6306","CD4 T"
"6307","NK"
"6308","CD8 T"
"6309","CD8 T"
"6310","Mono"
"6311","Mono"
"6312","CD4 T"
"6313","CD4 T"
"6314","CD8 T"
"6315","other"
"6316","B"
"6317","CD4 T"
"6318","CD4 T"
"6319","CD4 T"
"6320","CD4 T"
"6321","B"
"6322","other"
"6323","CD4 T"
"6324","CD4 T"
"6325","B"
"6326","CD4 T"
"6327","CD8 T"
"6328","CD4 T"
"6329","NK"
"6330","CD8 T"
"6331","other"
"6332","other T"
"6333","CD4 T"
"6334","CD4 T"
"6335","other"
"6336","CD4 T"
"6337","CD4 T"
"6338","CD8 T"
"6339","CD4 T"
"6340","CD4 T"
"6341","other"
"6342","CD4 T"
"6343","CD4 T"
"6344","CD8 T"
"6345","B"
"6346","other"
"6347","other T"
"6348","B"
"6349","B"
"6350","other"
"6351","NK"
"6352","CD4 T"
"6353","CD4 T"
"6354","CD8 T"
"6355","CD4 T"
"6356","other"
"6357","other"
"6358","CD4 T"
"6359","Mono"
"6360","Mono"
"6361","CD8 T"
"6362","NK"
"6363","CD4 T"
"6364","Mono"
"6365","CD4 T"
"6366","CD4 T"
"6367","CD4 T"
"6368","other"
"6369","CD4 T"
"6370","CD4 T"
"6371","other"
"6372","CD4 T"
"6373","CD4 T"
"6374","CD4 T"
"6375","CD4 T"
"6376","CD8 T"
"6377","other"
"6378","CD4 T"
"6379","CD4 T"
"6380","CD4 T"
"6381","CD8 T"
"6382","other"
"6383","CD4 T"
"6384","CD8 T"
"6385","CD4 T"
"6386","CD8 T"
"6387","CD4 T"
"6388","Mono"
"6389","CD8 T"
"6390","CD8 T"
"6391","other"
"6392","Mono"
"6393","CD8 T"
"6394","B"
"6395","other"
"6396","other"
"6397","CD8 T"
"6398","CD4 T"
"6399","CD8 T"
"6400","other"
"6401","CD8 T"
"6402","CD4 T"
"6403","CD8 T"
"6404","other"
"6405","other"
"6406","NK"
"6407","CD8 T"
"6408","other"
"6409","CD4 T"
"6410","CD4 T"
"6411","CD8 T"
"6412","CD8 T"
"6413","other"
"6414","CD4 T"
"6415","CD4 T"
"6416","CD4 T"
"6417","CD8 T"
"6418","NK"
"6419","CD8 T"
"6420","B"
"6421","CD4 T"
"6422","CD8 T"
"6423","CD4 T"
"6424","B"
"6425","CD4 T"
"6426","CD4 T"
"6427","B"
"6428","B"
"6429","CD8 T"
"6430","CD4 T"
"6431","CD4 T"
"6432","CD4 T"
"6433","CD4 T"
"6434","B"
"6435","B"
"6436","CD4 T"
"6437","CD8 T"
"6438","CD8 T"
"6439","CD4 T"
"6440","CD4 T"
"6441","B"
"6442","CD4 T"
"6443","CD4 T"
"6444","CD4 T"
"6445","CD8 T"
"6446","CD8 T"
"6447","CD4 T"
"6448","CD8 T"
"6449","CD8 T"
"6450","CD4 T"
"6451","CD8 T"
"6452","CD4 T"
"6453","CD4 T"
"6454","CD8 T"
"6455","B"
"6456","CD4 T"
"6457","CD4 T"
"6458","CD4 T"
"6459","CD4 T"
"6460","CD4 T"
"6461","CD4 T"
"6462","CD4 T"
"6463","other"
"6464","B"
"6465","CD4 T"
"6466","CD4 T"
"6467","other"
"6468","CD8 T"
"6469","CD4 T"
"6470","NK"
"6471","NK"
"6472","CD4 T"
"6473","CD8 T"
"6474","CD8 T"
"6475","CD4 T"
"6476","CD8 T"
"6477","CD4 T"
"6478","other"
"6479","CD4 T"
"6480","CD8 T"
"6481","CD4 T"
"6482","CD4 T"
"6483","CD4 T"
"6484","CD4 T"
"6485","CD4 T"
"6486","CD4 T"
"6487","CD8 T"
"6488","CD4 T"
"6489","B"
"6490","CD4 T"
"6491","CD8 T"
"6492","CD4 T"
"6493","CD8 T"
"6494","CD4 T"
"6495","CD8 T"
"6496","CD8 T"
"6497","CD8 T"
"6498","other"
"6499","CD4 T"
"6500","CD4 T"
"6501","CD8 T"
"6502","CD4 T"
"6503","CD8 T"
"6504","CD4 T"
"6505","CD4 T"
"6506","other"
"6507","NK"
"6508","CD4 T"
"6509","CD8 T"
"6510","CD4 T"
"6511","other"
"6512","CD4 T"
"6513","CD4 T"
"6514","CD4 T"
"6515","NK"
"6516","CD4 T"
"6517","other"
"6518","NK"
"6519","CD4 T"
"6520","B"
"6521","other"
"6522","CD4 T"
"6523","CD4 T"
"6524","CD4 T"
"6525","Mono"
"6526","B"
"6527","Mono"
"6528","B"
"6529","CD4 T"
"6530","CD4 T"
"6531","CD8 T"
"6532","CD4 T"
"6533","CD8 T"
"6534","NK"
"6535","CD4 T"
"6536","CD4 T"
"6537","B"
"6538","CD4 T"
"6539","CD4 T"
"6540","CD4 T"
"6541","CD4 T"
"6542","CD4 T"
"6543","CD4 T"
"6544","CD4 T"
"6545","CD8 T"
"6546","CD4 T"
"6547","CD8 T"
"6548","CD4 T"
"6549","CD4 T"
"6550","CD4 T"
"6551","CD8 T"
"6552","CD8 T"
"6553","NK"
"6554","CD8 T"
"6555","Mono"
"6556","CD4 T"
"6557","CD4 T"
"6558","CD4 T"
"6559","other"
"6560","CD4 T"
"6561","CD4 T"
"6562","CD4 T"
"6563","CD4 T"
"6564","other"
"6565","CD4 T"
"6566","CD4 T"
"6567","CD4 T"
"6568","CD4 T"
"6569","CD4 T"
"6570","CD4 T"
"6571","CD4 T"
"6572","CD8 T"
"6573","CD4 T"
"6574","CD4 T"
"6575","CD4 T"
"6576","CD4 T"
"6577","CD4 T"
"6578","B"
"6579","NK"
"6580","CD4 T"
"6581","other"
"6582","CD8 T"
"6583","CD8 T"
"6584","other"
"6585","CD8 T"
"6586","CD4 T"
"6587","B"
"6588","CD4 T"
"6589","B"
"6590","other"
"6591","CD4 T"
"6592","other T"
"6593","CD4 T"
"6594","CD8 T"
"6595","NK"
"6596","CD4 T"
"6597","CD8 T"
"6598","CD4 T"
"6599","CD4 T"
"6600","CD4 T"
"6601","CD4 T"
"6602","NK"
"6603","CD8 T"
"6604","CD8 T"
"6605","CD4 T"
"6606","CD8 T"
"6607","B"
"6608","other"
"6609","CD4 T"
"6610","CD4 T"
"6611","CD4 T"
"6612","CD8 T"
"6613","CD4 T"
"6614","CD4 T"
"6615","CD4 T"
"6616","CD4 T"
"6617","CD4 T"
"6618","other"
"6619","CD4 T"
"6620","CD4 T"
"6621","CD4 T"
"6622","CD8 T"
"6623","other"
"6624","CD4 T"
"6625","CD4 T"
"6626","CD4 T"
"6627","CD4 T"
"6628","CD4 T"
"6629","CD8 T"
"6630","CD4 T"
"6631","B"
"6632","other"
"6633","CD4 T"
"6634","B"
"6635","CD4 T"
"6636","CD4 T"
"6637","B"
"6638","Mono"
"6639","other"
"6640","B"
"6641","other"
"6642","CD4 T"
"6643","CD8 T"
"6644","CD4 T"
"6645","CD4 T"
"6646","CD4 T"
"6647","CD4 T"
"6648","CD8 T"
"6649","CD8 T"
"6650","CD4 T"
"6651","CD4 T"
"6652","CD4 T"
"6653","B"
"6654","CD8 T"
"6655","CD4 T"
"6656","CD4 T"
"6657","CD8 T"
"6658","CD8 T"
"6659","CD4 T"
"6660","CD4 T"
"6661","CD4 T"
"6662","CD4 T"
"6663","Mono"
"6664","CD4 T"
"6665","NK"
"6666","CD4 T"
"6667","CD8 T"
"6668","B"
"6669","other T"
"6670","CD8 T"
"6671","CD4 T"
"6672","NK"
"6673","B"
"6674","CD4 T"
"6675","B"
"6676","CD4 T"
"6677","CD4 T"
"6678","CD4 T"
"6679","CD4 T"
"6680","CD8 T"
"6681","CD8 T"
"6682","B"
"6683","CD4 T"
"6684","CD8 T"
"6685","CD4 T"
"6686","CD4 T"
"6687","CD4 T"
"6688","CD4 T"
"6689","CD8 T"
"6690","CD4 T"
"6691","CD4 T"
"6692","CD4 T"
"6693","B"
"6694","CD8 T"
"6695","CD4 T"
"6696","B"
"6697","CD4 T"
"6698","CD4 T"
"6699","CD8 T"
"6700","CD4 T"
"6701","CD4 T"
"6702","CD4 T"
"6703","other"
"6704","CD8 T"
"6705","CD4 T"
"6706","B"
"6707","other"
"6708","Mono"
"6709","other"
"6710","CD4 T"
"6711","CD4 T"
"6712","NK"
"6713","other"
"6714","CD8 T"
"6715","CD4 T"
"6716","CD8 T"
"6717","other"
"6718","CD4 T"
"6719","CD4 T"
"6720","B"
"6721","NK"
"6722","B"
"6723","CD4 T"
"6724","CD8 T"
"6725","other"
"6726","CD4 T"
"6727","CD4 T"
"6728","CD4 T"
"6729","CD4 T"
"6730","other"
"6731","CD4 T"
"6732","CD4 T"
"6733","other T"
"6734","CD8 T"
"6735","CD4 T"
"6736","CD4 T"
"6737","CD4 T"
"6738","CD4 T"
"6739","CD4 T"
"6740","CD4 T"
"6741","CD4 T"
"6742","NK"
"6743","CD4 T"
"6744","CD4 T"
"6745","CD4 T"
"6746","CD8 T"
"6747","B"
"6748","other T"
"6749","CD4 T"
"6750","CD4 T"
"6751","CD4 T"
"6752","CD4 T"
"6753","B"
"6754","B"
"6755","CD4 T"
"6756","CD4 T"
"6757","B"
"6758","CD8 T"
"6759","NK"
"6760","CD4 T"
"6761","CD4 T"
"6762","NK"
"6763","B"
"6764","CD8 T"
"6765","CD8 T"
"6766","NK"
"6767","CD4 T"
"6768","CD4 T"
"6769","other T"
"6770","CD4 T"
"6771","CD8 T"
"6772","CD4 T"
"6773","CD8 T"
"6774","CD4 T"
"6775","CD4 T"
"6776","NK"
"6777","B"
"6778","NK"
"6779","CD4 T"
"6780","NK"
"6781","CD8 T"
"6782","CD8 T"
"6783","other T"
"6784","other T"
"6785","CD8 T"
"6786","CD4 T"
"6787","CD4 T"
"6788","CD8 T"
"6789","CD4 T"
"6790","NK"
"6791","other"
"6792","other"
"6793","CD8 T"
"6794","CD4 T"
"6795","other T"
"6796","CD4 T"
"6797","CD4 T"
"6798","CD4 T"
"6799","CD4 T"
"6800","CD4 T"
"6801","CD8 T"
"6802","CD4 T"
"6803","other"
"6804","CD4 T"
"6805","CD4 T"
"6806","CD4 T"
"6807","CD4 T"
"6808","CD4 T"
"6809","Mono"
"6810","other"
"6811","CD4 T"
"6812","CD4 T"
"6813","CD4 T"
"6814","CD4 T"
"6815","CD8 T"
"6816","CD4 T"
"6817","CD4 T"
"6818","NK"
"6819","CD8 T"
"6820","other"
"6821","CD8 T"
"6822","CD4 T"
"6823","CD8 T"
"6824","B"
"6825","CD4 T"
"6826","CD8 T"
"6827","NK"
"6828","CD4 T"
"6829","CD4 T"
"6830","CD8 T"
"6831","CD4 T"
"6832","NK"
"6833","NK"
"6834","CD4 T"
"6835","B"
"6836","CD8 T"
"6837","CD4 T"
"6838","CD4 T"
"6839","CD8 T"
"6840","CD4 T"
"6841","CD4 T"
"6842","CD4 T"
"6843","CD4 T"
"6844","other"
"6845","CD8 T"
"6846","CD4 T"
"6847","other"
"6848","other"
"6849","other"
"6850","CD4 T"
"6851","CD4 T"
"6852","CD8 T"
"6853","CD8 T"
"6854","CD8 T"
"6855","CD4 T"
"6856","Mono"
"6857","CD4 T"
"6858","CD4 T"
"6859","other T"
"6860","CD4 T"
"6861","CD4 T"
"6862","CD8 T"
"6863","CD4 T"
"6864","NK"
"6865","CD4 T"
"6866","CD8 T"
"6867","CD4 T"
"6868","CD4 T"
"6869","Mono"
"6870","B"
"6871","CD4 T"
"6872","B"
"6873","CD4 T"
"6874","CD8 T"
"6875","CD4 T"
"6876","CD8 T"
"6877","CD4 T"
"6878","CD4 T"
"6879","CD4 T"
"6880","CD4 T"
"6881","CD4 T"
"6882","other"
"6883","other"
"6884","CD8 T"
"6885","CD4 T"
"6886","CD4 T"
"6887","CD4 T"
"6888","CD4 T"
"6889","other"
"6890","CD4 T"
"6891","CD4 T"
"6892","CD4 T"
"6893","CD4 T"
"6894","CD4 T"
"6895","NK"
"6896","CD4 T"
"6897","CD4 T"
"6898","CD4 T"
"6899","CD8 T"
"6900","CD4 T"
"6901","CD4 T"
"6902","CD8 T"
"6903","CD4 T"
"6904","other"
"6905","CD4 T"
"6906","CD4 T"
"6907","other"
"6908","CD8 T"
"6909","CD4 T"
"6910","CD4 T"
"6911","CD8 T"
"6912","CD8 T"
"6913","NK"
"6914","CD4 T"
"6915","CD8 T"
"6916","Mono"
"6917","CD4 T"
"6918","B"
"6919","CD4 T"
"6920","NK"
"6921","B"
"6922","Mono"
"6923","CD4 T"
"6924","other"
"6925","CD4 T"
"6926","CD4 T"
"6927","CD4 T"
"6928","CD4 T"
"6929","CD4 T"
"6930","B"
"6931","B"
"6932","other"
"6933","CD4 T"
"6934","other"
"6935","CD4 T"
"6936","B"
"6937","CD8 T"
"6938","other"
"6939","NK"
"6940","CD4 T"
"6941","CD4 T"
"6942","CD8 T"
"6943","CD4 T"
"6944","B"
"6945","CD4 T"
"6946","CD4 T"
"6947","CD8 T"
"6948","CD4 T"
"6949","CD8 T"
"6950","CD4 T"
"6951","CD4 T"
"6952","CD8 T"
"6953","CD4 T"
"6954","B"
"6955","CD4 T"
"6956","Mono"
"6957","CD4 T"
"6958","CD8 T"
"6959","CD8 T"
"6960","CD4 T"
"6961","CD4 T"
"6962","CD4 T"
"6963","CD4 T"
"6964","CD8 T"
"6965","CD8 T"
"6966","other"
"6967","CD4 T"
"6968","CD4 T"
"6969","CD8 T"
"6970","CD4 T"
"6971","CD4 T"
"6972","other"
"6973","CD4 T"
"6974","CD8 T"
"6975","CD4 T"
"6976","Mono"
"6977","CD8 T"
"6978","CD4 T"
"6979","CD8 T"
"6980","CD4 T"
"6981","CD8 T"
"6982","CD4 T"
"6983","Mono"
"6984","CD4 T"
"6985","CD8 T"
"6986","NK"
"6987","CD4 T"
"6988","CD8 T"
"6989","CD4 T"
"6990","CD4 T"
"6991","Mono"
"6992","CD4 T"
"6993","other"
"6994","CD4 T"
"6995","CD8 T"
"6996","CD4 T"
"6997","CD4 T"
"6998","CD4 T"
"6999","CD4 T"
"7000","CD4 T"
"7001","CD4 T"
"7002","CD8 T"
"7003","other"
"7004","CD8 T"
"7005","CD4 T"
"7006","CD4 T"
"7007","CD4 T"
"7008","B"
"7009","CD4 T"
"7010","CD8 T"
"7011","CD4 T"
"7012","CD4 T"
"7013","CD8 T"
"7014","B"
"7015","B"
"7016","CD4 T"
"7017","other"
"7018","NK"
"7019","Mono"
"7020","other"
"7021","other"
"7022","CD4 T"
"7023","CD4 T"
"7024","CD4 T"
"7025","other"
"7026","CD4 T"
"7027","CD4 T"
"7028","CD4 T"
"7029","NK"
"7030","NK"
"7031","CD4 T"
"7032","CD4 T"
"7033","CD4 T"
"7034","CD4 T"
"7035","Mono"
"7036","CD8 T"
"7037","CD4 T"
"7038","other"
"7039","CD4 T"
"7040","CD4 T"
"7041","CD4 T"
"7042","CD4 T"
"7043","NK"
"7044","CD4 T"
"7045","CD4 T"
"7046","CD8 T"
"7047","CD4 T"
"7048","CD8 T"
"7049","CD4 T"
"7050","CD4 T"
"7051","CD8 T"
"7052","CD4 T"
"7053","other"
"7054","CD8 T"
"7055","CD8 T"
"7056","CD8 T"
"7057","other"
"7058","CD8 T"
"7059","CD4 T"
"7060","other"
"7061","CD4 T"
"7062","B"
"7063","other"
"7064","CD4 T"
"7065","CD4 T"
"7066","CD4 T"
"7067","CD8 T"
"7068","CD4 T"
"7069","CD4 T"
"7070","CD4 T"
"7071","CD4 T"
"7072","CD8 T"
"7073","CD4 T"
"7074","CD4 T"
"7075","CD4 T"
"7076","B"
"7077","Mono"
"7078","B"
"7079","CD4 T"
"7080","B"
"7081","CD4 T"
"7082","CD4 T"
"7083","CD8 T"
"7084","NK"
"7085","CD4 T"
"7086","CD4 T"
"7087","CD4 T"
"7088","CD4 T"
"7089","CD4 T"
"7090","CD4 T"
"7091","CD4 T"
"7092","CD8 T"
"7093","other"
"7094","CD4 T"
"7095","CD4 T"
"7096","CD4 T"
"7097","other"
"7098","other"
"7099","CD4 T"
"7100","NK"
"7101","CD4 T"
"7102","other"
"7103","CD4 T"
"7104","B"
"7105","B"
"7106","CD4 T"
"7107","CD4 T"
"7108","CD8 T"
"7109","CD8 T"
"7110","CD4 T"
"7111","CD4 T"
"7112","CD4 T"
"7113","CD4 T"
"7114","B"
"7115","CD4 T"
"7116","CD4 T"
"7117","CD4 T"
"7118","CD8 T"
"7119","other"
"7120","CD4 T"
"7121","CD8 T"
"7122","CD4 T"
"7123","other"
"7124","other"
"7125","other"
"7126","Mono"
"7127","CD4 T"
"7128","CD4 T"
"7129","B"
"7130","other"
"7131","other"
"7132","other"
"7133","other"
"7134","CD4 T"
"7135","CD4 T"
"7136","B"
"7137","CD4 T"
